Stock,Stock #,Obs,Size,Volatility,POV,Actual Cost
ATVI,51,1,0.22,0.31,0.31,65.04
ATVI,51,2,0.34,0.31,0.45,122.77
ATVI,51,3,0.09,0.31,0.46,66.78
ATVI,51,4,0.34,0.31,0.26,65.74
ATVI,51,5,0.12,0.31,0.45,82.08
ATVI,51,6,0.42,0.31,0.44,110.17
ATVI,51,7,0.47,0.31,0.43,136.03
ATVI,51,8,0.33,0.31,0.39,81.48
ATVI,51,9,0.15,0.31,0.16,27.88
ATVI,51,10,0.37,0.31,0.42,98.27
ATVI,51,11,0.09,0.31,0.17,30.87
ATVI,51,12,0.19,0.31,0.29,67.39
ATVI,51,13,0.18,0.31,0.35,63.28
ATVI,51,14,0.1,0.31,0.19,35.85
ATVI,51,15,0.42,0.31,0.35,85.48
ATVI,51,16,0.4,0.31,0.35,85.15
ATVI,51,17,0.27,0.31,0.43,94.92
ATVI,51,18,0.11,0.31,0.48,65.38
ATVI,51,19,0.23,0.31,0.2,53.61
ATVI,51,20,0.29,0.31,0.5,130.94
ATVI,51,21,0.07,0.31,0.26,39.84
ATVI,51,22,0.14,0.31,0.17,36.84
ATVI,51,23,0.11,0.31,0.2,37.43
ATVI,51,24,0.02,0.31,0.06,9.51
ATVI,51,25,0.19,0.31,0.28,47
ATVI,51,26,0.47,0.31,0.39,97.2
ATVI,51,27,0.17,0.31,0.42,72.17
ATVI,51,28,0.21,0.31,0.29,61.53
ATVI,51,29,0.49,0.31,0.47,125.41
ATVI,51,30,0.33,0.31,0.26,68.82
ATVI,51,31,0.27,0.31,0.42,90.11
ATVI,51,32,0.34,0.31,0.39,94.86
ATVI,51,33,0.26,0.31,0.36,75.9
ATVI,51,34,0.22,0.31,0.35,67.99
ATVI,51,35,0.06,0.31,0.28,33.88
ATVI,51,36,0.11,0.31,0.33,58.62
ATVI,51,37,0.39,0.31,0.41,107.9
ATVI,51,38,0.11,0.31,0.11,20.88
ATVI,51,39,0.43,0.31,0.5,103.4
ATVI,51,40,0.47,0.31,0.39,98.57
ATVI,51,41,0.16,0.31,0.17,37.41
ATVI,51,42,0.05,0.31,0.47,55.21
ATVI,51,43,0.17,0.31,0.27,53.92
ATVI,51,44,0.43,0.31,0.45,109.13
ATVI,51,45,0.1,0.31,0.44,61.01
ATVI,51,46,0.34,0.31,0.31,76.58
ATVI,51,47,0.03,0.31,0.19,22.96
ATVI,51,48,0.29,0.31,0.39,78.59
ATVI,51,49,0.06,0.31,0.24,42.74
ATVI,51,50,0.18,0.31,0.43,63.11
AVB,52,1,0.19,0.29,0.49,101.93
AVB,52,2,0.47,0.29,0.5,131.75
AVB,52,3,0.32,0.29,0.37,82.51
AVB,52,4,0.46,0.29,0.36,77.36
AVB,52,5,0.12,0.29,0.23,34.64
AVB,52,6,0.23,0.29,0.21,48.21
AVB,52,7,0.4,0.29,0.39,98.49
AVB,52,8,0.46,0.29,0.42,107.17
AVB,52,9,0.44,0.29,0.37,92.36
AVB,52,10,0.24,0.29,0.49,102.11
AVB,52,11,0.32,0.29,0.31,66.73
AVB,52,12,0.08,0.29,0.18,33.09
AVB,52,13,0.3,0.29,0.27,47
AVB,52,14,0.28,0.29,0.34,78.25
AVB,52,15,0.39,0.29,0.35,83.22
AVB,52,16,0.4,0.29,0.29,58.47
AVB,52,17,0.41,0.29,0.37,75.32
AVB,52,18,0.41,0.29,0.46,102.13
AVB,52,19,0.38,0.29,0.47,100.63
AVB,52,20,0.14,0.29,0.15,33.36
AVB,52,21,0.14,0.29,0.34,54.4
AVB,52,22,0.42,0.29,0.45,102.27
AVB,52,23,0.37,0.29,0.42,87.81
AVB,52,24,0.44,0.29,0.44,86.56
AVB,52,25,0.34,0.29,0.33,88.7
AVB,52,26,0.16,0.29,0.37,56.45
AVB,52,27,0.04,0.29,0.47,46.7
AVB,52,28,0.16,0.29,0.45,58.42
AVB,52,29,0.22,0.29,0.25,58.77
AVB,52,30,0.02,0.29,0.08,10.03
AVB,52,31,0.19,0.29,0.3,50.41
AVB,52,32,0.38,0.29,0.42,102.53
AVB,52,33,0.25,0.29,0.22,46.92
AVB,52,34,0.47,0.29,0.4,84.12
AVB,52,35,0.11,0.29,0.22,41.34
AVB,52,36,0.38,0.29,0.29,67.35
AVB,52,37,0.11,0.29,0.31,53.6
AVB,52,38,0.18,0.29,0.21,50.38
AVB,52,39,0.13,0.29,0.43,62.52
AVB,52,40,0.05,0.29,0.37,43.26
AVB,52,41,0.27,0.29,0.37,70.64
AVB,52,42,0.1,0.29,0.12,25.08
AVB,52,43,0.06,0.29,0.22,32.35
AVB,52,44,0.06,0.29,0.37,49.86
AVB,52,45,0.14,0.29,0.42,77.68
AVB,52,46,0.48,0.29,0.33,88.09
AVB,52,47,0.3,0.29,0.47,83.44
AVB,52,48,0.27,0.29,0.42,104.53
AVB,52,49,0.2,0.29,0.29,57.12
AVB,52,50,0.21,0.29,0.3,66.96
AVGO,53,1,0.43,0.28,0.34,86.57
AVGO,53,2,0.5,0.28,0.38,91.23
AVGO,53,3,0.4,0.28,0.35,80.47
AVGO,53,4,0.06,0.28,0.49,65.04
AVGO,53,5,0.43,0.28,0.42,88.49
AVGO,53,6,0.16,0.28,0.23,49.7
AVGO,53,7,0.32,0.28,0.37,89.59
AVGO,53,8,0.08,0.28,0.15,27.35
AVGO,53,9,0.48,0.28,0.46,100.91
AVGO,53,10,0.47,0.28,0.38,79.06
AVGO,53,11,0.48,0.28,0.42,106.08
AVGO,53,12,0.49,0.28,0.43,107.45
AVGO,53,13,0.23,0.28,0.39,65.96
AVGO,53,14,0.4,0.28,0.39,75.4
AVGO,53,15,0.37,0.28,0.45,92.55
AVGO,53,16,0.3,0.28,0.38,68.37
AVGO,53,17,0.06,0.28,0.16,20.88
AVGO,53,18,0.35,0.28,0.31,58.07
AVGO,53,19,0.05,0.28,0.31,35.83
AVGO,53,20,0.22,0.28,0.36,73.79
AVGO,53,21,0.07,0.28,0.39,45.39
AVGO,53,22,0.03,0.28,0.34,27.37
AVGO,53,23,0.32,0.28,0.32,70.25
AVGO,53,24,0.37,0.28,0.41,95.7
AVGO,53,25,0.25,0.28,0.47,94.41
AVGO,53,26,0.29,0.28,0.23,50.27
AVGO,53,27,0.17,0.28,0.27,54.36
AVGO,53,28,0.03,0.28,0.43,37.83
AVGO,53,29,0.19,0.28,0.4,71.21
AVGO,53,30,0.09,0.28,0.4,44.73
AVGO,53,31,0.47,0.28,0.48,129.47
AVGO,53,32,0.35,0.28,0.46,97.08
AVGO,53,33,0.11,0.28,0.46,68.14
AVGO,53,34,0.42,0.28,0.42,103.39
AVGO,53,35,0.39,0.28,0.38,97.44
AVGO,53,36,0.5,0.28,0.34,84.62
AVGO,53,37,0.32,0.28,0.42,62.95
AVGO,53,38,0.15,0.28,0.45,77.8
AVGO,53,39,0.08,0.28,0.08,11.86
AVGO,53,40,0.44,0.28,0.49,132.36
AVGO,53,41,0.03,0.28,0.16,19.6
AVGO,53,42,0.18,0.28,0.29,50.69
AVGO,53,43,0.27,0.28,0.31,73.31
AVGO,53,44,0.27,0.28,0.41,68.82
AVGO,53,45,0.48,0.28,0.46,139.95
AVGO,53,46,0.18,0.28,0.29,58.24
AVGO,53,47,0.03,0.28,0.49,43.42
AVGO,53,48,0.32,0.28,0.28,65.63
AVGO,53,49,0.35,0.28,0.4,100.55
AVGO,53,50,0.34,0.28,0.45,105.64
AVY,54,1,0.23,0.27,0.22,49.91
AVY,54,2,0.06,0.27,0.32,34.43
AVY,54,3,0.03,0.27,0.05,8.78
AVY,54,4,0.03,0.27,0.4,40.88
AVY,54,5,0.3,0.27,0.24,53.73
AVY,54,6,0.42,0.27,0.36,101.55
AVY,54,7,0.06,0.27,0.34,45.43
AVY,54,8,0.46,0.27,0.46,110.06
AVY,54,9,0.08,0.27,0.43,53.67
AVY,54,10,0.05,0.27,0.15,24.81
AVY,54,11,0.09,0.27,0.1,18.05
AVY,54,12,0.5,0.27,0.4,97.8
AVY,54,13,0.13,0.27,0.28,43.19
AVY,54,14,0.03,0.27,0.28,28.23
AVY,54,15,0.12,0.27,0.26,34.14
AVY,54,16,0.34,0.27,0.38,82.36
AVY,54,17,0.04,0.27,0.26,24.37
AVY,54,18,0.29,0.27,0.49,95.28
AVY,54,19,0.06,0.27,0.07,12.6
AVY,54,20,0.12,0.27,0.13,23.8
AVY,54,21,0.09,0.27,0.17,26.72
AVY,54,22,0.2,0.27,0.33,65.56
AVY,54,23,0.1,0.27,0.38,58.98
AVY,54,24,0.37,0.27,0.32,73.69
AVY,54,25,0.45,0.27,0.36,85.83
AVY,54,26,0.16,0.27,0.44,72.63
AVY,54,27,0.12,0.27,0.15,32.18
AVY,54,28,0.29,0.27,0.39,67.88
AVY,54,29,0.45,0.27,0.37,72.57
AVY,54,30,0.17,0.27,0.33,66.65
AVY,54,31,0.35,0.27,0.48,84.33
AVY,54,32,0.29,0.27,0.24,58.69
AVY,54,33,0.48,0.27,0.36,87.44
AVY,54,34,0.36,0.27,0.49,111.56
AVY,54,35,0.38,0.27,0.35,74.03
AVY,54,36,0.33,0.27,0.47,88.86
AVY,54,37,0.41,0.27,0.44,98.56
AVY,54,38,0.29,0.27,0.25,52.47
AVY,54,39,0.3,0.27,0.48,99.01
AVY,54,40,0.33,0.27,0.33,77.9
AVY,54,41,0.42,0.27,0.47,101.34
AVY,54,42,0.44,0.27,0.34,86.07
AVY,54,43,0.41,0.27,0.34,73.99
AVY,54,44,0.42,0.27,0.43,112.97
AVY,54,45,0.19,0.27,0.31,55.02
AVY,54,46,0.26,0.27,0.4,75.28
AVY,54,47,0.47,0.27,0.44,106.89
AVY,54,48,0.08,0.27,0.41,57.03
AVY,54,49,0.21,0.27,0.27,54.34
AVY,54,50,0.42,0.27,0.35,80.27
AWK,55,1,0.41,0.2,0.44,70.02
AWK,55,2,0.22,0.2,0.28,43.25
AWK,55,3,0.38,0.2,0.29,59.09
AWK,55,4,0.3,0.2,0.34,54.88
AWK,55,5,0.28,0.2,0.43,71.18
AWK,55,6,0.45,0.2,0.5,83.96
AWK,55,7,0.25,0.2,0.37,49.59
AWK,55,8,0.27,0.2,0.36,69.01
AWK,55,9,0.11,0.2,0.37,39.32
AWK,55,10,0.46,0.2,0.34,66.87
AWK,55,11,0.4,0.2,0.5,96.69
AWK,55,12,0.44,0.2,0.32,59.27
AWK,55,13,0.24,0.2,0.29,55.15
AWK,55,14,0.28,0.2,0.45,52.94
AWK,55,15,0.25,0.2,0.32,46.79
AWK,55,16,0.11,0.2,0.26,32.6
AWK,55,17,0.11,0.2,0.47,48.73
AWK,55,18,0.12,0.2,0.16,19.83
AWK,55,19,0.25,0.2,0.21,32.06
AWK,55,20,0.15,0.2,0.5,61.87
AWK,55,21,0.24,0.2,0.2,31.31
AWK,55,22,0.14,0.2,0.45,54.13
AWK,55,23,0.29,0.2,0.46,60.65
AWK,55,24,0.04,0.2,0.3,22.77
AWK,55,25,0.1,0.2,0.39,42.56
AWK,55,26,0.41,0.2,0.41,67.15
AWK,55,27,0.34,0.2,0.46,57.45
AWK,55,28,0.16,0.2,0.21,27.35
AWK,55,29,0.14,0.2,0.47,51.85
AWK,55,30,0.36,0.2,0.45,79.2
AWK,55,31,0.33,0.2,0.28,44.19
AWK,55,32,0.31,0.2,0.42,71.19
AWK,55,33,0.37,0.2,0.36,60.36
AWK,55,34,0.47,0.2,0.37,74.85
AWK,55,35,0.22,0.2,0.43,57.04
AWK,55,36,0.3,0.2,0.36,63.32
AWK,55,37,0.13,0.2,0.28,37.65
AWK,55,38,0.3,0.2,0.34,62.04
AWK,55,39,0.37,0.2,0.43,69.58
AWK,55,40,0.48,0.2,0.48,82.96
AWK,55,41,0.17,0.2,0.21,31.28
AWK,55,42,0.39,0.2,0.38,74.6
AWK,55,43,0.25,0.2,0.28,48.71
AWK,55,44,0.46,0.2,0.32,59.56
AWK,55,45,0.28,0.2,0.33,50.32
AWK,55,46,0.42,0.2,0.36,66.27
AWK,55,47,0.21,0.2,0.27,39.35
AWK,55,48,0.33,0.2,0.33,63.93
AWK,55,49,0.49,0.2,0.43,80.55
AWK,55,50,0.02,0.2,0.13,10.72
AXP,56,1,0.09,0.4,0.33,62.04
AXP,56,2,0.29,0.4,0.46,133.97
AXP,56,3,0.18,0.4,0.29,66.7
AXP,56,4,0.31,0.4,0.26,76.42
AXP,56,5,0.18,0.4,0.46,112.69
AXP,56,6,0.05,0.4,0.43,66.75
AXP,56,7,0.2,0.4,0.4,78.04
AXP,56,8,0.27,0.4,0.33,95.77
AXP,56,9,0.21,0.4,0.43,86.92
AXP,56,10,0.29,0.4,0.48,109.54
AXP,56,11,0.17,0.4,0.28,67.66
AXP,56,12,0.02,0.4,0.29,30.04
AXP,56,13,0.48,0.4,0.48,169.39
AXP,56,14,0.42,0.4,0.39,134.04
AXP,56,15,0.18,0.4,0.49,105.33
AXP,56,16,0.21,0.4,0.25,67.31
AXP,56,17,0.32,0.4,0.25,73.3
AXP,56,18,0.33,0.4,0.38,123.14
AXP,56,19,0.33,0.4,0.34,108.45
AXP,56,20,0.06,0.4,0.41,60.7
AXP,56,21,0.2,0.4,0.21,60.64
AXP,56,22,0.04,0.4,0.35,44.34
AXP,56,23,0.11,0.4,0.46,96.53
AXP,56,24,0.33,0.4,0.5,132.62
AXP,56,25,0.41,0.4,0.37,116.19
AXP,56,26,0.48,0.4,0.48,144.94
AXP,56,27,0.18,0.4,0.2,62.77
AXP,56,28,0.12,0.4,0.29,54.75
AXP,56,29,0.41,0.4,0.34,115.9
AXP,56,30,0.26,0.4,0.4,111.86
AXP,56,31,0.27,0.4,0.41,102.98
AXP,56,32,0.11,0.4,0.22,51.74
AXP,56,33,0.09,0.4,0.3,67.65
AXP,56,34,0.02,0.4,0.2,24.46
AXP,56,35,0.02,0.4,0.23,32.85
AXP,56,36,0.17,0.4,0.36,65.2
AXP,56,37,0.06,0.4,0.11,22.21
AXP,56,38,0.12,0.4,0.4,92.63
AXP,56,39,0.26,0.4,0.39,102.11
AXP,56,40,0.28,0.4,0.24,59.99
AXP,56,41,0.22,0.4,0.49,136.49
AXP,56,42,0.34,0.4,0.39,108.27
AXP,56,43,0.09,0.4,0.37,63.07
AXP,56,44,0.43,0.4,0.46,151
AXP,56,45,0.49,0.4,0.43,120.36
AXP,56,46,0.19,0.4,0.18,53.12
AXP,56,47,0.21,0.4,0.28,68.64
AXP,56,48,0.05,0.4,0.37,56.23
AXP,56,49,0.05,0.4,0.39,58.54
AXP,56,50,0.14,0.4,0.4,82.87
AZO,57,1,0.34,0.2,0.35,67.23
AZO,57,2,0.02,0.2,0.41,28.73
AZO,57,3,0.34,0.2,0.48,80.39
AZO,57,4,0.4,0.2,0.43,54.18
AZO,57,5,0.38,0.2,0.41,68.78
AZO,57,6,0.11,0.2,0.47,56.93
AZO,57,7,0.42,0.2,0.31,67.14
AZO,57,8,0.44,0.2,0.32,61.92
AZO,57,9,0.16,0.2,0.33,44.14
AZO,57,10,0.34,0.2,0.3,49.85
AZO,57,11,0.35,0.2,0.35,60.45
AZO,57,12,0.34,0.2,0.46,76.75
AZO,57,13,0.21,0.2,0.49,67.1
AZO,57,14,0.43,0.2,0.38,74.91
AZO,57,15,0.24,0.2,0.49,75.89
AZO,57,16,0.25,0.2,0.37,53.61
AZO,57,17,0.2,0.2,0.25,38.35
AZO,57,18,0.4,0.2,0.49,79.57
AZO,57,19,0.36,0.2,0.44,73.9
AZO,57,20,0.1,0.2,0.12,18.26
AZO,57,21,0.23,0.2,0.43,49.85
AZO,57,22,0.09,0.2,0.48,47.6
AZO,57,23,0.45,0.2,0.45,72.77
AZO,57,24,0.17,0.2,0.39,47.95
AZO,57,25,0.22,0.2,0.19,34.57
AZO,57,26,0.4,0.2,0.45,65.72
AZO,57,27,0.35,0.2,0.37,55.06
AZO,57,28,0.18,0.2,0.41,45.15
AZO,57,29,0.24,0.2,0.4,69
AZO,57,30,0.43,0.2,0.43,67.62
AZO,57,31,0.44,0.2,0.43,68.69
AZO,57,32,0.14,0.2,0.19,28
AZO,57,33,0.2,0.2,0.45,69.9
AZO,57,34,0.06,0.2,0.2,18.3
AZO,57,35,0.4,0.2,0.38,65.61
AZO,57,36,0.22,0.2,0.18,27.39
AZO,57,37,0.01,0.2,0.4,15.3
AZO,57,38,0.39,0.2,0.35,62.23
AZO,57,39,0.19,0.2,0.28,38
AZO,57,40,0.45,0.2,0.42,92.78
AZO,57,41,0.48,0.2,0.46,71.03
AZO,57,42,0.19,0.2,0.17,24.53
AZO,57,43,0.07,0.2,0.39,40.57
AZO,57,44,0.42,0.2,0.33,62.88
AZO,57,45,0.16,0.2,0.2,27.84
AZO,57,46,0.37,0.2,0.29,59.9
AZO,57,47,0.46,0.2,0.37,66.23
AZO,57,48,0.12,0.2,0.11,19.03
AZO,57,49,0.06,0.2,0.42,42.89
AZO,57,50,0.32,0.2,0.39,78.71
BA,58,1,0.04,0.4,0.37,55.04
BA,58,2,0.24,0.4,0.22,58.49
BA,58,3,0.14,0.4,0.26,64.16
BA,58,4,0.34,0.4,0.35,120.73
BA,58,5,0.49,0.4,0.36,108.23
BA,58,6,0.41,0.4,0.36,104.78
BA,58,7,0.01,0.4,0.49,42.84
BA,58,8,0.11,0.4,0.45,88.33
BA,58,9,0.29,0.4,0.27,76.18
BA,58,10,0.31,0.4,0.26,81.65
BA,58,11,0.43,0.4,0.5,143.39
BA,58,12,0.42,0.4,0.49,129.39
BA,58,13,0.18,0.4,0.24,54.11
BA,58,14,0.3,0.4,0.38,101.09
BA,58,15,0.07,0.4,0.37,59.37
BA,58,16,0.17,0.4,0.33,93.16
BA,58,17,0.1,0.4,0.23,45.37
BA,58,18,0.33,0.4,0.48,126.13
BA,58,19,0.4,0.4,0.48,161.43
BA,58,20,0.45,0.4,0.36,111.61
BA,58,21,0.32,0.4,0.46,127.33
BA,58,22,0.49,0.4,0.38,111.42
BA,58,23,0.21,0.4,0.39,94.06
BA,58,24,0.37,0.4,0.38,111.67
BA,58,25,0.34,0.4,0.35,95.07
BA,58,26,0.26,0.4,0.22,63.66
BA,58,27,0.18,0.4,0.19,52.5
BA,58,28,0.21,0.4,0.38,78.35
BA,58,29,0.1,0.4,0.34,68.74
BA,58,30,0.24,0.4,0.27,81.05
BA,58,31,0.31,0.4,0.27,58.4
BA,58,32,0.19,0.4,0.44,98.16
BA,58,33,0.06,0.4,0.21,34.62
BA,58,34,0.27,0.4,0.37,95.72
BA,58,35,0.34,0.4,0.36,91.1
BA,58,36,0.32,0.4,0.26,74.85
BA,58,37,0.5,0.4,0.46,165.41
BA,58,38,0.06,0.4,0.41,63.09
BA,58,39,0.27,0.4,0.31,80.55
BA,58,40,0.03,0.4,0.49,59.58
BA,58,41,0.29,0.4,0.39,115.7
BA,58,42,0.02,0.4,0.32,36.44
BA,58,43,0.09,0.4,0.45,90.57
BA,58,44,0.26,0.4,0.21,69.87
BA,58,45,0.18,0.4,0.46,115.63
BA,58,46,0.06,0.4,0.49,80.24
BA,58,47,0.18,0.4,0.43,105.72
BA,58,48,0.21,0.4,0.41,117.61
BA,58,49,0.11,0.4,0.14,41.58
BA,58,50,0.22,0.4,0.44,113.31
BAC,59,1,0.11,0.34,0.34,62.25
BAC,59,2,0.11,0.34,0.45,69.84
BAC,59,3,0.07,0.34,0.17,32.22
BAC,59,4,0.17,0.34,0.4,80.21
BAC,59,5,0.2,0.34,0.21,47.72
BAC,59,6,0.43,0.34,0.48,117.74
BAC,59,7,0.42,0.34,0.34,84.47
BAC,59,8,0.23,0.34,0.43,76.84
BAC,59,9,0.33,0.34,0.37,95.08
BAC,59,10,0.31,0.34,0.25,60.31
BAC,59,11,0.11,0.34,0.19,38.98
BAC,59,12,0.1,0.34,0.19,40.37
BAC,59,13,0.02,0.34,0.25,24.68
BAC,59,14,0.48,0.34,0.41,111.22
BAC,59,15,0.32,0.34,0.5,127.5
BAC,59,16,0.21,0.34,0.22,48.11
BAC,59,17,0.04,0.34,0.11,21.17
BAC,59,18,0.26,0.34,0.45,97.54
BAC,59,19,0.45,0.34,0.47,129.51
BAC,59,20,0.22,0.34,0.38,86.02
BAC,59,21,0.32,0.34,0.44,117.07
BAC,59,22,0.43,0.34,0.34,96.87
BAC,59,23,0.44,0.34,0.35,112.59
BAC,59,24,0.47,0.34,0.45,125.06
BAC,59,25,0.45,0.34,0.47,135.09
BAC,59,26,0.07,0.34,0.43,62.76
BAC,59,27,0.32,0.34,0.49,137.66
BAC,59,28,0.41,0.34,0.46,98.1
BAC,59,29,0.4,0.34,0.35,96.3
BAC,59,30,0.39,0.34,0.33,95.41
BAC,59,31,0.22,0.34,0.2,53.06
BAC,59,32,0.37,0.34,0.34,89.03
BAC,59,33,0.44,0.34,0.4,104.88
BAC,59,34,0.36,0.34,0.36,104.31
BAC,59,35,0.45,0.34,0.31,83.01
BAC,59,36,0.2,0.34,0.21,46.53
BAC,59,37,0.3,0.34,0.29,73.25
BAC,59,38,0.38,0.34,0.49,123.56
BAC,59,39,0.02,0.34,0.14,14.45
BAC,59,40,0.26,0.34,0.48,111.53
BAC,59,41,0.34,0.34,0.26,63.22
BAC,59,42,0.04,0.34,0.49,60.5
BAC,59,43,0.11,0.34,0.43,69.16
BAC,59,44,0.17,0.34,0.25,46.63
BAC,59,45,0.45,0.34,0.34,86.02
BAC,59,46,0.23,0.34,0.22,59.74
BAC,59,47,0.22,0.34,0.43,73.61
BAC,59,48,0.16,0.34,0.19,48.87
BAC,59,49,0.3,0.34,0.27,69.72
BAC,59,50,0.38,0.34,0.35,89.68
BAX,60,1,0.08,0.35,0.4,63.33
BAX,60,2,0.26,0.35,0.37,83.67
BAX,60,3,0.04,0.35,0.05,12.82
BAX,60,4,0.08,0.35,0.11,28.22
BAX,60,5,0.05,0.35,0.27,46.71
BAX,60,6,0.31,0.35,0.43,90.48
BAX,60,7,0.32,0.35,0.45,111.76
BAX,60,8,0.34,0.35,0.47,121.47
BAX,60,9,0.29,0.35,0.48,104.08
BAX,60,10,0.21,0.35,0.44,104.77
BAX,60,11,0.16,0.35,0.4,77.81
BAX,60,12,0.03,0.35,0.35,33.36
BAX,60,13,0.39,0.35,0.37,95.08
BAX,60,14,0.09,0.35,0.41,66.51
BAX,60,15,0.29,0.35,0.28,81.22
BAX,60,16,0.12,0.35,0.49,88.19
BAX,60,17,0.25,0.35,0.23,55.08
BAX,60,18,0.33,0.35,0.43,104.44
BAX,60,19,0.17,0.35,0.35,79.73
BAX,60,20,0.22,0.35,0.41,107.6
BAX,60,21,0.39,0.35,0.4,105.61
BAX,60,22,0.39,0.35,0.3,92.72
BAX,60,23,0.43,0.35,0.39,118.97
BAX,60,24,0.4,0.35,0.46,134.07
BAX,60,25,0.35,0.35,0.37,100.68
BAX,60,26,0.47,0.35,0.4,109.99
BAX,60,27,0.25,0.35,0.49,102.15
BAX,60,28,0.42,0.35,0.47,149.66
BAX,60,29,0.24,0.35,0.43,105.65
BAX,60,30,0.18,0.35,0.43,88.16
BAX,60,31,0.08,0.35,0.47,74.59
BAX,60,32,0.04,0.35,0.29,42.64
BAX,60,33,0.14,0.35,0.45,79.86
BAX,60,34,0.11,0.35,0.33,61.76
BAX,60,35,0.38,0.35,0.42,107.01
BAX,60,36,0.44,0.35,0.31,94.14
BAX,60,37,0.44,0.35,0.46,134.62
BAX,60,38,0.3,0.35,0.48,122.08
BAX,60,39,0.13,0.35,0.44,83.17
BAX,60,40,0.21,0.35,0.38,94.97
BAX,60,41,0.2,0.35,0.35,79.73
BAX,60,42,0.34,0.35,0.31,88.34
BAX,60,43,0.23,0.35,0.26,66.85
BAX,60,44,0.08,0.35,0.47,75.82
BAX,60,45,0.46,0.35,0.48,114.78
BAX,60,46,0.24,0.35,0.21,64.33
BAX,60,47,0.46,0.35,0.34,96.05
BAX,60,48,0.2,0.35,0.49,83.47
BAX,60,49,0.33,0.35,0.32,87.11
BAX,60,50,0.34,0.35,0.32,89.98
BBY,61,1,0.07,0.27,0.07,15.9
BBY,61,2,0.41,0.27,0.45,102.54
BBY,61,3,0.06,0.27,0.11,15.77
BBY,61,4,0.18,0.27,0.4,71.32
BBY,61,5,0.22,0.27,0.44,81.89
BBY,61,6,0.05,0.27,0.17,23.8
BBY,61,7,0.08,0.27,0.23,27.74
BBY,61,8,0.2,0.27,0.46,76.22
BBY,61,9,0.33,0.27,0.41,82.84
BBY,61,10,0.28,0.27,0.36,70.67
BBY,61,11,0.06,0.27,0.35,43.44
BBY,61,12,0.08,0.27,0.17,24.74
BBY,61,13,0.22,0.27,0.2,41.41
BBY,61,14,0.42,0.27,0.41,110
BBY,61,15,0.04,0.27,0.31,33.49
BBY,61,16,0.4,0.27,0.37,93.87
BBY,61,17,0.06,0.27,0.41,38.2
BBY,61,18,0.38,0.27,0.46,87.92
BBY,61,19,0.05,0.27,0.16,23.15
BBY,61,20,0.49,0.27,0.45,97.87
BBY,61,21,0.34,0.27,0.45,113.63
BBY,61,22,0.34,0.27,0.5,104.7
BBY,61,23,0.18,0.27,0.38,57
BBY,61,24,0.48,0.27,0.49,105.61
BBY,61,25,0.32,0.27,0.46,99.05
BBY,61,26,0.24,0.27,0.25,48.28
BBY,61,27,0.48,0.27,0.38,112.74
BBY,61,28,0.28,0.27,0.49,83.13
BBY,61,29,0.22,0.27,0.42,74.57
BBY,61,30,0.22,0.27,0.3,55.32
BBY,61,31,0.15,0.27,0.21,39.58
BBY,61,32,0.06,0.27,0.17,23.09
BBY,61,33,0.44,0.27,0.32,62.76
BBY,61,34,0.24,0.27,0.31,60.71
BBY,61,35,0.22,0.27,0.48,86.82
BBY,61,36,0.14,0.27,0.14,29.35
BBY,61,37,0.32,0.27,0.49,91.77
BBY,61,38,0.15,0.27,0.26,45.37
BBY,61,39,0.42,0.27,0.42,99.64
BBY,61,40,0.04,0.27,0.48,38.94
BBY,61,41,0.28,0.27,0.37,84.37
BBY,61,42,0.11,0.27,0.22,32.33
BBY,61,43,0.16,0.27,0.42,58.47
BBY,61,44,0.45,0.27,0.48,103.34
BBY,61,45,0.26,0.27,0.35,76.23
BBY,61,46,0.31,0.27,0.46,82.34
BBY,61,47,0.36,0.27,0.37,83.41
BBY,61,48,0.09,0.27,0.47,61.58
BBY,61,49,0.35,0.27,0.29,60.64
BBY,61,50,0.38,0.27,0.32,65.92
BDX,62,1,0.15,0.36,0.22,42.81
BDX,62,2,0.22,0.36,0.26,65.32
BDX,62,3,0.18,0.36,0.43,91
BDX,62,4,0.13,0.36,0.12,36.34
BDX,62,5,0.08,0.36,0.22,44.41
BDX,62,6,0.46,0.36,0.36,98.1
BDX,62,7,0.23,0.36,0.31,71.8
BDX,62,8,0.35,0.36,0.38,95.26
BDX,62,9,0.22,0.36,0.28,64.41
BDX,62,10,0.27,0.36,0.49,127.83
BDX,62,11,0.03,0.36,0.32,34.39
BDX,62,12,0.02,0.36,0.46,42.39
BDX,62,13,0.33,0.36,0.4,108.14
BDX,62,14,0.04,0.36,0.29,40.01
BDX,62,15,0.41,0.36,0.35,98.17
BDX,62,16,0.03,0.36,0.21,30.75
BDX,62,17,0.14,0.36,0.16,40.38
BDX,62,18,0.25,0.36,0.33,77.81
BDX,62,19,0.14,0.36,0.29,62.73
BDX,62,20,0.46,0.36,0.44,127.97
BDX,62,21,0.05,0.36,0.31,44.71
BDX,62,22,0.35,0.36,0.39,115.53
BDX,62,23,0.04,0.36,0.43,43.04
BDX,62,24,0.35,0.36,0.38,100.87
BDX,62,25,0.17,0.36,0.49,92.42
BDX,62,26,0.09,0.36,0.3,56.05
BDX,62,27,0.03,0.36,0.16,20.3
BDX,62,28,0.44,0.36,0.32,96.03
BDX,62,29,0.13,0.36,0.18,37.13
BDX,62,30,0.21,0.36,0.24,64.04
BDX,62,31,0.34,0.36,0.43,122.57
BDX,62,32,0.06,0.36,0.22,38.93
BDX,62,33,0.42,0.36,0.34,109.69
BDX,62,34,0.1,0.36,0.1,26.94
BDX,62,35,0.3,0.36,0.26,84.26
BDX,62,36,0.26,0.36,0.21,64.58
BDX,62,37,0.39,0.36,0.49,132.6
BDX,62,38,0.46,0.36,0.46,117.75
BDX,62,39,0.34,0.36,0.37,88.62
BDX,62,40,0.37,0.36,0.4,112.64
BDX,62,41,0.28,0.36,0.48,111.22
BDX,62,42,0.37,0.36,0.32,90.98
BDX,62,43,0.05,0.36,0.4,59.12
BDX,62,44,0.33,0.36,0.37,80.59
BDX,62,45,0.42,0.36,0.31,106.46
BDX,62,46,0.47,0.36,0.33,108.59
BDX,62,47,0.24,0.36,0.46,112.8
BDX,62,48,0.12,0.36,0.23,49.59
BDX,62,49,0.07,0.36,0.41,76.07
BDX,62,50,0.03,0.36,0.22,26.35
BEN,63,1,0.17,0.28,0.33,59.62
BEN,63,2,0.12,0.28,0.16,28.37
BEN,63,3,0.41,0.28,0.45,109.49
BEN,63,4,0.2,0.28,0.43,72.26
BEN,63,5,0.4,0.28,0.43,98.56
BEN,63,6,0.27,0.28,0.32,77.48
BEN,63,7,0.3,0.28,0.34,66.6
BEN,63,8,0.28,0.28,0.34,72.7
BEN,63,9,0.09,0.28,0.37,52.95
BEN,63,10,0.16,0.28,0.25,45.15
BEN,63,11,0.31,0.28,0.48,98.85
BEN,63,12,0.48,0.28,0.42,96.48
BEN,63,13,0.13,0.28,0.36,51.62
BEN,63,14,0.18,0.28,0.19,32.31
BEN,63,15,0.39,0.28,0.39,84.32
BEN,63,16,0.38,0.28,0.3,73.35
BEN,63,17,0.23,0.28,0.48,84.32
BEN,63,18,0.13,0.28,0.3,50.36
BEN,63,19,0.17,0.28,0.34,58.45
BEN,63,20,0.38,0.28,0.49,110.26
BEN,63,21,0.19,0.28,0.21,41.48
BEN,63,22,0.08,0.28,0.43,61.22
BEN,63,23,0.48,0.28,0.5,122.65
BEN,63,24,0.19,0.28,0.21,42.68
BEN,63,25,0.19,0.28,0.47,72.71
BEN,63,26,0.4,0.28,0.48,100
BEN,63,27,0.08,0.28,0.27,34.89
BEN,63,28,0.23,0.28,0.49,80.21
BEN,63,29,0.13,0.28,0.33,48.52
BEN,63,30,0.47,0.28,0.47,115.59
BEN,63,31,0.31,0.28,0.46,105.9
BEN,63,32,0.39,0.28,0.37,85.83
BEN,63,33,0.41,0.28,0.35,79.04
BEN,63,34,0.01,0.28,0.48,29.64
BEN,63,35,0.25,0.28,0.24,50.64
BEN,63,36,0.15,0.28,0.22,37.27
BEN,63,37,0.24,0.28,0.21,45.29
BEN,63,38,0.38,0.28,0.46,87.06
BEN,63,39,0.05,0.28,0.05,8.95
BEN,63,40,0.29,0.28,0.25,43.7
BEN,63,41,0.28,0.28,0.29,60.66
BEN,63,42,0.42,0.28,0.36,85.36
BEN,63,43,0.45,0.28,0.48,124.45
BEN,63,44,0.09,0.28,0.45,56.4
BEN,63,45,0.21,0.28,0.23,48
BEN,63,46,0.46,0.28,0.46,114.08
BEN,63,47,0.44,0.28,0.4,75.47
BEN,63,48,0.22,0.28,0.49,86.84
BEN,63,49,0.22,0.28,0.49,94.73
BEN,63,50,0.31,0.28,0.37,74.83
BF/B,64,1,0.14,0.27,0.42,67.95
BF/B,64,2,0.17,0.27,0.47,61.64
BF/B,64,3,0.07,0.27,0.34,37.89
BF/B,64,4,0.05,0.27,0.46,45.73
BF/B,64,5,0.34,0.27,0.26,63.98
BF/B,64,6,0.16,0.27,0.3,56.24
BF/B,64,7,0.27,0.27,0.41,72.56
BF/B,64,8,0.2,0.27,0.47,86.74
BF/B,64,9,0.29,0.27,0.47,79.7
BF/B,64,10,0.45,0.27,0.41,103.05
BF/B,64,11,0.1,0.27,0.46,60.77
BF/B,64,12,0.5,0.27,0.43,97.96
BF/B,64,13,0.31,0.27,0.31,50.93
BF/B,64,14,0.14,0.27,0.37,46.14
BF/B,64,15,0.06,0.27,0.49,49.34
BF/B,64,16,0.22,0.27,0.35,69.15
BF/B,64,17,0.09,0.27,0.14,21.65
BF/B,64,18,0.32,0.27,0.33,64.04
BF/B,64,19,0.19,0.27,0.16,37.84
BF/B,64,20,0.26,0.27,0.35,81.03
BF/B,64,21,0.16,0.27,0.37,54.03
BF/B,64,22,0.39,0.27,0.32,76.61
BF/B,64,23,0.33,0.27,0.37,84.1
BF/B,64,24,0.39,0.27,0.49,113.98
BF/B,64,25,0.34,0.27,0.31,66.26
BF/B,64,26,0.49,0.27,0.37,81.01
BF/B,64,27,0.41,0.27,0.38,87.88
BF/B,64,28,0.2,0.27,0.25,46.69
BF/B,64,29,0.39,0.27,0.45,108
BF/B,64,30,0.04,0.27,0.22,24.43
BF/B,64,31,0.22,0.27,0.47,87.68
BF/B,64,32,0.16,0.27,0.39,58.65
BF/B,64,33,0.15,0.27,0.37,61.78
BF/B,64,34,0.26,0.27,0.22,45.28
BF/B,64,35,0.39,0.27,0.3,73.87
BF/B,64,36,0.44,0.27,0.42,104.87
BF/B,64,37,0.34,0.27,0.46,114.68
BF/B,64,38,0.13,0.27,0.28,51.82
BF/B,64,39,0.08,0.27,0.13,22.2
BF/B,64,40,0.06,0.27,0.15,21.75
BF/B,64,41,0.04,0.27,0.35,31.97
BF/B,64,42,0.22,0.27,0.25,53.68
BF/B,64,43,0.4,0.27,0.43,84.35
BF/B,64,44,0.07,0.27,0.12,19.26
BF/B,64,45,0.5,0.27,0.35,90.53
BF/B,64,46,0.17,0.27,0.35,53.01
BF/B,64,47,0.03,0.27,0.16,15.96
BF/B,64,48,0.39,0.27,0.48,98.63
BF/B,64,49,0.25,0.27,0.42,77.51
BF/B,64,50,0.07,0.27,0.2,27.25
BIIB,65,1,0.06,0.45,0.3,56.26
BIIB,65,2,0.33,0.45,0.39,120.1
BIIB,65,3,0.5,0.45,0.42,150.15
BIIB,65,4,0.3,0.45,0.4,123.49
BIIB,65,5,0.38,0.45,0.37,152.63
BIIB,65,6,0.06,0.45,0.38,69.92
BIIB,65,7,0.04,0.45,0.18,32.83
BIIB,65,8,0.5,0.45,0.44,172.09
BIIB,65,9,0.29,0.45,0.39,97.11
BIIB,65,10,0.39,0.45,0.38,126.01
BIIB,65,11,0.3,0.45,0.24,79.5
BIIB,65,12,0.42,0.45,0.37,115.73
BIIB,65,13,0.02,0.45,0.3,40.86
BIIB,65,14,0.16,0.45,0.3,79.47
BIIB,65,15,0.17,0.45,0.34,83.61
BIIB,65,16,0.26,0.45,0.4,108.02
BIIB,65,17,0.48,0.45,0.41,141.79
BIIB,65,18,0.04,0.45,0.37,56.54
BIIB,65,19,0.39,0.45,0.35,116.35
BIIB,65,20,0.03,0.45,0.06,13.45
BIIB,65,21,0.41,0.45,0.36,129.17
BIIB,65,22,0.19,0.45,0.41,104.83
BIIB,65,23,0.02,0.45,0.13,22.93
BIIB,65,24,0.48,0.45,0.42,122.65
BIIB,65,25,0.46,0.45,0.46,181.27
BIIB,65,26,0.21,0.45,0.2,64.12
BIIB,65,27,0.43,0.45,0.33,100.15
BIIB,65,28,0.16,0.45,0.24,70.38
BIIB,65,29,0.09,0.45,0.29,59.28
BIIB,65,30,0.09,0.45,0.43,90.11
BIIB,65,31,0.29,0.45,0.46,145.59
BIIB,65,32,0.47,0.45,0.42,161.89
BIIB,65,33,0.06,0.45,0.24,47.32
BIIB,65,34,0.31,0.45,0.32,81.96
BIIB,65,35,0.36,0.45,0.45,129.58
BIIB,65,36,0.24,0.45,0.39,115.8
BIIB,65,37,0.17,0.45,0.34,71.42
BIIB,65,38,0.13,0.45,0.42,83.84
BIIB,65,39,0.03,0.45,0.36,58.13
BIIB,65,40,0.41,0.45,0.43,144.04
BIIB,65,41,0.39,0.45,0.37,131.65
BIIB,65,42,0.35,0.45,0.43,153
BIIB,65,43,0.48,0.45,0.49,202.17
BIIB,65,44,0.21,0.45,0.43,125.12
BIIB,65,45,0.18,0.45,0.23,64.1
BIIB,65,46,0.45,0.45,0.43,154.47
BIIB,65,47,0.33,0.45,0.41,135.09
BIIB,65,48,0.12,0.45,0.38,65.14
BIIB,65,49,0.2,0.45,0.48,113.79
BIIB,65,50,0.46,0.45,0.47,166.85
BK,66,1,0.34,0.35,0.39,111.28
BK,66,2,0.37,0.35,0.29,89.52
BK,66,3,0.47,0.35,0.4,128.63
BK,66,4,0.06,0.35,0.26,40.56
BK,66,5,0.02,0.35,0.4,48.95
BK,66,6,0.13,0.35,0.34,65.59
BK,66,7,0.49,0.35,0.5,163
BK,66,8,0.29,0.35,0.42,103.97
BK,66,9,0.34,0.35,0.45,108.97
BK,66,10,0.32,0.35,0.44,120.92
BK,66,11,0.07,0.35,0.49,65.61
BK,66,12,0.28,0.35,0.43,100.29
BK,66,13,0.17,0.35,0.24,48.19
BK,66,14,0.43,0.35,0.45,118.4
BK,66,15,0.1,0.35,0.09,26.23
BK,66,16,0.16,0.35,0.44,89.37
BK,66,17,0.29,0.35,0.28,72.9
BK,66,18,0.43,0.35,0.38,111.99
BK,66,19,0.21,0.35,0.29,68.72
BK,66,20,0.08,0.35,0.48,78.84
BK,66,21,0.06,0.35,0.41,51.25
BK,66,22,0.49,0.35,0.39,129.73
BK,66,23,0.1,0.35,0.3,51.29
BK,66,24,0.1,0.35,0.37,70.73
BK,66,25,0.26,0.35,0.32,64.05
BK,66,26,0.45,0.35,0.39,117.64
BK,66,27,0.29,0.35,0.31,86.71
BK,66,28,0.4,0.35,0.47,119.91
BK,66,29,0.38,0.35,0.28,74.25
BK,66,30,0.31,0.35,0.33,93.24
BK,66,31,0.12,0.35,0.25,54.57
BK,66,32,0.42,0.35,0.42,121.15
BK,66,33,0.17,0.35,0.45,99.07
BK,66,34,0.35,0.35,0.31,91.69
BK,66,35,0.04,0.35,0.3,36.89
BK,66,36,0.49,0.35,0.38,96.62
BK,66,37,0.08,0.35,0.17,31.51
BK,66,38,0.35,0.35,0.41,109.74
BK,66,39,0.09,0.35,0.49,69.38
BK,66,40,0.33,0.35,0.5,134.01
BK,66,41,0.29,0.35,0.39,83.06
BK,66,42,0.09,0.35,0.38,66.83
BK,66,43,0.22,0.35,0.47,99.5
BK,66,44,0.37,0.35,0.44,128.18
BK,66,45,0.41,0.35,0.31,71.21
BK,66,46,0.25,0.35,0.31,66.77
BK,66,47,0.49,0.35,0.35,115.76
BK,66,48,0.29,0.35,0.39,89.01
BK,66,49,0.43,0.35,0.42,120.41
BK,66,50,0.1,0.35,0.49,82.37
BKNG,67,1,0.37,0.26,0.33,63.49
BKNG,67,2,0.13,0.26,0.45,62.94
BKNG,67,3,0.08,0.26,0.47,59.15
BKNG,67,4,0.03,0.26,0.13,15.59
BKNG,67,5,0.21,0.26,0.28,59.57
BKNG,67,6,0.08,0.26,0.32,36.05
BKNG,67,7,0.05,0.26,0.11,12.08
BKNG,67,8,0.33,0.26,0.36,79.29
BKNG,67,9,0.29,0.26,0.31,57.38
BKNG,67,10,0.49,0.26,0.48,98.42
BKNG,67,11,0.2,0.26,0.23,40.75
BKNG,67,12,0.39,0.26,0.37,91.11
BKNG,67,13,0.12,0.26,0.39,43.47
BKNG,67,14,0.18,0.26,0.24,40.18
BKNG,67,15,0.49,0.26,0.37,82.3
BKNG,67,16,0.17,0.26,0.24,46.05
BKNG,67,17,0.39,0.26,0.43,96.8
BKNG,67,18,0.36,0.26,0.29,60.8
BKNG,67,19,0.11,0.26,0.22,29.77
BKNG,67,20,0.03,0.26,0.14,14.92
BKNG,67,21,0.1,0.26,0.27,31.49
BKNG,67,22,0.49,0.26,0.42,100.47
BKNG,67,23,0.15,0.26,0.29,48.98
BKNG,67,24,0.14,0.26,0.34,49.25
BKNG,67,25,0.46,0.26,0.42,94.19
BKNG,67,26,0.39,0.26,0.43,97.08
BKNG,67,27,0.18,0.26,0.45,68.2
BKNG,67,28,0.42,0.26,0.42,89.92
BKNG,67,29,0.33,0.26,0.44,78.27
BKNG,67,30,0.16,0.26,0.26,51.69
BKNG,67,31,0.14,0.26,0.5,76.61
BKNG,67,32,0.14,0.26,0.45,75.33
BKNG,67,33,0.33,0.26,0.33,68.32
BKNG,67,34,0.41,0.26,0.36,85.71
BKNG,67,35,0.08,0.26,0.3,39.97
BKNG,67,36,0.08,0.26,0.49,61.07
BKNG,67,37,0.27,0.26,0.49,76.54
BKNG,67,38,0.08,0.26,0.36,48.56
BKNG,67,39,0.4,0.26,0.45,97.86
BKNG,67,40,0.5,0.26,0.37,64.48
BKNG,67,41,0.41,0.26,0.35,74.3
BKNG,67,42,0.46,0.26,0.44,110.35
BKNG,67,43,0.49,0.26,0.36,93.16
BKNG,67,44,0.21,0.26,0.39,57.77
BKNG,67,45,0.38,0.26,0.39,81.16
BKNG,67,46,0.25,0.26,0.27,57.48
BKNG,67,47,0.24,0.26,0.38,79.71
BKNG,67,48,0.27,0.26,0.27,56.01
BKNG,67,49,0.48,0.26,0.4,97.05
BKNG,67,50,0.44,0.26,0.38,95.33
BKR,68,1,0.44,0.64,0.43,192.69
BKR,68,2,0.46,0.64,0.43,216.91
BKR,68,3,0.32,0.64,0.31,137.66
BKR,68,4,0.45,0.64,0.33,128.17
BKR,68,5,0.33,0.64,0.32,159.46
BKR,68,6,0.14,0.64,0.17,53.76
BKR,68,7,0.08,0.64,0.46,121.2
BKR,68,8,0.12,0.64,0.16,48.52
BKR,68,9,0.33,0.64,0.39,144.8
BKR,68,10,0.16,0.64,0.43,119.73
BKR,68,11,0.06,0.64,0.17,50.21
BKR,68,12,0.03,0.64,0.42,86.02
BKR,68,13,0.07,0.64,0.43,111.99
BKR,68,14,0.45,0.64,0.33,159.11
BKR,68,15,0.04,0.64,0.29,54.01
BKR,68,16,0.37,0.64,0.3,141.59
BKR,68,17,0.13,0.64,0.24,64.37
BKR,68,18,0.27,0.64,0.45,195.56
BKR,68,19,0.44,0.64,0.45,181.81
BKR,68,20,0.44,0.64,0.32,156.11
BKR,68,21,0.22,0.64,0.4,162.05
BKR,68,22,0.39,0.64,0.42,171.02
BKR,68,23,0.09,0.64,0.12,39.49
BKR,68,24,0.27,0.64,0.4,170.74
BKR,68,25,0.07,0.64,0.27,67.29
BKR,68,26,0.42,0.64,0.4,189.6
BKR,68,27,0.49,0.64,0.39,211.57
BKR,68,28,0.23,0.64,0.33,115.64
BKR,68,29,0.45,0.64,0.47,207.04
BKR,68,30,0.48,0.64,0.35,181.99
BKR,68,31,0.41,0.64,0.36,146.08
BKR,68,32,0.04,0.64,0.48,86.61
BKR,68,33,0.31,0.64,0.48,211.72
BKR,68,34,0.49,0.64,0.4,201.37
BKR,68,35,0.36,0.64,0.38,161.96
BKR,68,36,0.04,0.64,0.25,52.69
BKR,68,37,0.06,0.64,0.2,49.36
BKR,68,38,0.09,0.64,0.18,54.66
BKR,68,39,0.22,0.64,0.3,106.15
BKR,68,40,0.21,0.64,0.47,153.67
BKR,68,41,0.38,0.64,0.47,215.96
BKR,68,42,0.35,0.64,0.33,144.13
BKR,68,43,0.33,0.64,0.42,168.26
BKR,68,44,0.36,0.64,0.38,167.79
BKR,68,45,0.3,0.64,0.3,117.69
BKR,68,46,0.31,0.64,0.33,136.41
BKR,68,47,0.07,0.64,0.19,48.29
BKR,68,48,0.27,0.64,0.29,92.86
BKR,68,49,0.08,0.64,0.46,107.75
BKR,68,50,0.07,0.64,0.31,85
BLK,69,1,0.33,0.33,0.29,64.92
BLK,69,2,0.48,0.33,0.49,139.31
BLK,69,3,0.37,0.33,0.46,106.55
BLK,69,4,0.21,0.33,0.37,78.09
BLK,69,5,0.2,0.33,0.17,34.51
BLK,69,6,0.3,0.33,0.46,123.04
BLK,69,7,0.31,0.33,0.43,95.52
BLK,69,8,0.1,0.33,0.41,72.04
BLK,69,9,0.2,0.33,0.21,57.57
BLK,69,10,0.34,0.33,0.37,87.52
BLK,69,11,0.07,0.33,0.49,68.45
BLK,69,12,0.29,0.33,0.37,86.41
BLK,69,13,0.14,0.33,0.45,87.89
BLK,69,14,0.39,0.33,0.3,76.83
BLK,69,15,0.27,0.33,0.39,81.91
BLK,69,16,0.22,0.33,0.23,47.55
BLK,69,17,0.38,0.33,0.43,103.5
BLK,69,18,0.16,0.33,0.36,63.02
BLK,69,19,0.1,0.33,0.44,74.25
BLK,69,20,0.04,0.33,0.13,18.75
BLK,69,21,0.26,0.33,0.39,85.89
BLK,69,22,0.31,0.33,0.45,130.95
BLK,69,23,0.22,0.33,0.43,79.66
BLK,69,24,0.08,0.33,0.47,66.76
BLK,69,25,0.28,0.33,0.25,65.16
BLK,69,26,0.49,0.33,0.44,120.04
BLK,69,27,0.36,0.33,0.27,77.3
BLK,69,28,0.14,0.33,0.46,80.07
BLK,69,29,0.35,0.33,0.43,103.93
BLK,69,30,0.05,0.33,0.06,14.89
BLK,69,31,0.32,0.33,0.31,86.65
BLK,69,32,0.35,0.33,0.37,92.81
BLK,69,33,0.21,0.33,0.41,87.22
BLK,69,34,0.31,0.33,0.48,125.03
BLK,69,35,0.36,0.33,0.33,85.79
BLK,69,36,0.01,0.33,0.32,25.28
BLK,69,37,0.11,0.33,0.15,37.53
BLK,69,38,0.44,0.33,0.39,86.19
BLK,69,39,0.25,0.33,0.37,89.43
BLK,69,40,0.33,0.33,0.34,81.51
BLK,69,41,0.46,0.33,0.45,110.14
BLK,69,42,0.24,0.33,0.23,53.49
BLK,69,43,0.36,0.33,0.43,128.28
BLK,69,44,0.18,0.33,0.21,42.76
BLK,69,45,0.06,0.33,0.15,29.97
BLK,69,46,0.09,0.33,0.17,33.86
BLK,69,47,0.38,0.33,0.3,87.82
BLK,69,48,0.03,0.33,0.03,8.39
BLK,69,49,0.38,0.33,0.33,94.72
BLK,69,50,0.2,0.33,0.23,51.46
BLL,70,1,0.28,0.18,0.23,39.38
BLL,70,2,0.05,0.18,0.34,30.55
BLL,70,3,0.28,0.18,0.41,56.57
BLL,70,4,0.27,0.18,0.49,65.38
BLL,70,5,0.15,0.18,0.26,31.54
BLL,70,6,0.05,0.18,0.25,21.58
BLL,70,7,0.46,0.18,0.5,84.74
BLL,70,8,0.45,0.18,0.36,58.33
BLL,70,9,0.43,0.18,0.35,57.99
BLL,70,10,0.14,0.18,0.14,16.67
BLL,70,11,0.24,0.18,0.26,34.03
BLL,70,12,0.43,0.18,0.39,72.09
BLL,70,13,0.04,0.18,0.14,13.36
BLL,70,14,0.11,0.18,0.17,23.47
BLL,70,15,0.1,0.18,0.23,25.73
BLL,70,16,0.45,0.18,0.47,72.64
BLL,70,17,0.34,0.18,0.31,47.14
BLL,70,18,0.1,0.18,0.18,19.25
BLL,70,19,0.17,0.18,0.35,45.95
BLL,70,20,0.23,0.18,0.34,49.14
BLL,70,21,0.03,0.18,0.45,27.92
BLL,70,22,0.4,0.18,0.47,63.48
BLL,70,23,0.31,0.18,0.36,48.62
BLL,70,24,0.22,0.18,0.45,54.73
BLL,70,25,0.33,0.18,0.4,61.31
BLL,70,26,0.38,0.18,0.34,65.35
BLL,70,27,0.11,0.18,0.28,27.53
BLL,70,28,0.33,0.18,0.45,58.48
BLL,70,29,0.11,0.18,0.3,27.67
BLL,70,30,0.38,0.18,0.35,56.34
BLL,70,31,0.32,0.18,0.37,61.39
BLL,70,32,0.31,0.18,0.47,64.59
BLL,70,33,0.19,0.18,0.3,42.18
BLL,70,34,0.19,0.18,0.3,41.01
BLL,70,35,0.35,0.18,0.35,50.89
BLL,70,36,0.27,0.18,0.45,70.77
BLL,70,37,0.05,0.18,0.12,12.51
BLL,70,38,0.26,0.18,0.37,49.69
BLL,70,39,0.38,0.18,0.43,68.79
BLL,70,40,0.4,0.18,0.46,90.04
BLL,70,41,0.32,0.18,0.26,37.22
BLL,70,42,0.4,0.18,0.32,59.05
BLL,70,43,0.47,0.18,0.37,55.47
BLL,70,44,0.13,0.18,0.45,40.45
BLL,70,45,0.45,0.18,0.46,75.13
BLL,70,46,0.26,0.18,0.36,42.32
BLL,70,47,0.43,0.18,0.3,49.12
BLL,70,48,0.26,0.18,0.43,61.3
BLL,70,49,0.23,0.18,0.27,37.76
BLL,70,50,0.32,0.18,0.31,46.23
BMY,71,1,0.35,0.19,0.37,57.26
BMY,71,2,0.2,0.19,0.38,53.32
BMY,71,3,0.46,0.19,0.38,54.41
BMY,71,4,0.21,0.19,0.43,57.51
BMY,71,5,0.12,0.19,0.47,51.72
BMY,71,6,0.37,0.19,0.36,51.83
BMY,71,7,0.15,0.19,0.37,43.83
BMY,71,8,0.46,0.19,0.42,68.27
BMY,71,9,0.18,0.19,0.29,40.83
BMY,71,10,0.24,0.19,0.2,33.55
BMY,71,11,0.45,0.19,0.44,68.66
BMY,71,12,0.02,0.19,0.41,26.54
BMY,71,13,0.26,0.19,0.21,33.56
BMY,71,14,0.09,0.19,0.16,18.39
BMY,71,15,0.42,0.19,0.38,63.11
BMY,71,16,0.26,0.19,0.21,35.77
BMY,71,17,0.37,0.19,0.33,54.53
BMY,71,18,0.25,0.19,0.5,67.87
BMY,71,19,0.17,0.19,0.42,54.66
BMY,71,20,0.07,0.19,0.44,39.62
BMY,71,21,0.47,0.19,0.36,73.34
BMY,71,22,0.46,0.19,0.37,69.76
BMY,71,23,0.23,0.19,0.27,41.31
BMY,71,24,0.28,0.19,0.23,43.57
BMY,71,25,0.27,0.19,0.37,50.11
BMY,71,26,0.36,0.19,0.39,68.54
BMY,71,27,0.22,0.19,0.19,32.81
BMY,71,28,0.21,0.19,0.23,35.34
BMY,71,29,0.13,0.19,0.46,55.1
BMY,71,30,0.05,0.19,0.29,27.23
BMY,71,31,0.29,0.19,0.33,57.55
BMY,71,32,0.22,0.19,0.43,53.27
BMY,71,33,0.08,0.19,0.11,14.3
BMY,71,34,0.31,0.19,0.29,47.22
BMY,71,35,0.15,0.19,0.38,46.41
BMY,71,36,0.23,0.19,0.41,59.9
BMY,71,37,0.37,0.19,0.36,61.13
BMY,71,38,0.44,0.19,0.36,59.71
BMY,71,39,0.47,0.19,0.44,73.07
BMY,71,40,0.44,0.19,0.36,60.54
BMY,71,41,0.24,0.19,0.21,29.07
BMY,71,42,0.33,0.19,0.44,70.42
BMY,71,43,0.03,0.19,0.19,13.48
BMY,71,44,0.45,0.19,0.35,60.04
BMY,71,45,0.23,0.19,0.4,61.48
BMY,71,46,0.48,0.19,0.44,84.79
BMY,71,47,0.42,0.19,0.44,73.6
BMY,71,48,0.43,0.19,0.32,61.81
BMY,71,49,0.22,0.19,0.35,42.72
BMY,71,50,0.03,0.19,0.43,31.55
BR,72,1,0.34,0.4,0.38,106.46
BR,72,2,0.36,0.4,0.34,95.49
BR,72,3,0.19,0.4,0.19,49.13
BR,72,4,0.02,0.4,0.46,43.11
BR,72,5,0.38,0.4,0.37,100.04
BR,72,6,0.37,0.4,0.48,134.17
BR,72,7,0.04,0.4,0.41,51.03
BR,72,8,0.42,0.4,0.41,121.42
BR,72,9,0.29,0.4,0.29,83.71
BR,72,10,0.28,0.4,0.26,78.12
BR,72,11,0.27,0.4,0.34,86.61
BR,72,12,0.45,0.4,0.35,102.93
BR,72,13,0.34,0.4,0.48,123.59
BR,72,14,0.43,0.4,0.45,122.7
BR,72,15,0.36,0.4,0.31,83.38
BR,72,16,0.4,0.4,0.43,119.53
BR,72,17,0.34,0.4,0.49,152.74
BR,72,18,0.04,0.4,0.21,33.82
BR,72,19,0.19,0.4,0.42,109.66
BR,72,20,0.21,0.4,0.19,55.77
BR,72,21,0.12,0.4,0.22,47.37
BR,72,22,0.23,0.4,0.36,76.96
BR,72,23,0.02,0.4,0.33,35.12
BR,72,24,0.47,0.4,0.49,146.22
BR,72,25,0.31,0.4,0.31,105.17
BR,72,26,0.2,0.4,0.35,88.84
BR,72,27,0.45,0.4,0.33,106.29
BR,72,28,0.21,0.4,0.23,55.06
BR,72,29,0.09,0.4,0.39,64.55
BR,72,30,0.43,0.4,0.33,100.73
BR,72,31,0.24,0.4,0.24,65.09
BR,72,32,0.1,0.4,0.37,63.2
BR,72,33,0.23,0.4,0.36,101.91
BR,72,34,0.1,0.4,0.31,49.1
BR,72,35,0.26,0.4,0.29,78.36
BR,72,36,0.37,0.4,0.28,85.6
BR,72,37,0.35,0.4,0.35,105.9
BR,72,38,0.3,0.4,0.33,94.65
BR,72,39,0.03,0.4,0.18,27.21
BR,72,40,0.43,0.4,0.36,109.69
BR,72,41,0.49,0.4,0.43,141.63
BR,72,42,0.13,0.4,0.34,62.96
BR,72,43,0.07,0.4,0.14,28.7
BR,72,44,0.09,0.4,0.23,53.34
BR,72,45,0.21,0.4,0.3,89.81
BR,72,46,0.41,0.4,0.38,124.55
BR,72,47,0.23,0.4,0.47,129.38
BR,72,48,0.49,0.4,0.41,142.81
BR,72,49,0.44,0.4,0.34,110.97
BR,72,50,0.18,0.4,0.28,76.54
BRK/B,73,1,0.18,0.33,0.18,43.84
BRK/B,73,2,0.38,0.33,0.45,122.94
BRK/B,73,3,0.27,0.33,0.4,104.63
BRK/B,73,4,0.2,0.33,0.48,86.18
BRK/B,73,5,0.03,0.33,0.47,43.22
BRK/B,73,6,0.11,0.33,0.39,62.01
BRK/B,73,7,0.24,0.33,0.43,82.2
BRK/B,73,8,0.24,0.33,0.35,81.1
BRK/B,73,9,0.03,0.33,0.22,26.87
BRK/B,73,10,0.42,0.33,0.33,98.11
BRK/B,73,11,0.18,0.33,0.26,57.68
BRK/B,73,12,0.17,0.33,0.26,47.65
BRK/B,73,13,0.3,0.33,0.44,94.81
BRK/B,73,14,0.31,0.33,0.47,128.62
BRK/B,73,15,0.15,0.33,0.18,43.13
BRK/B,73,16,0.45,0.33,0.47,115.24
BRK/B,73,17,0.47,0.33,0.4,100.56
BRK/B,73,18,0.42,0.33,0.3,76.62
BRK/B,73,19,0.39,0.33,0.45,113.56
BRK/B,73,20,0.45,0.33,0.44,121.73
BRK/B,73,21,0.22,0.33,0.21,59.46
BRK/B,73,22,0.07,0.33,0.42,58.9
BRK/B,73,23,0.13,0.33,0.29,53.14
BRK/B,73,24,0.01,0.33,0.37,22.41
BRK/B,73,25,0.15,0.33,0.25,40
BRK/B,73,26,0.17,0.33,0.5,99.57
BRK/B,73,27,0.02,0.33,0.08,11.69
BRK/B,73,28,0.09,0.33,0.27,51.65
BRK/B,73,29,0.22,0.33,0.24,59.6
BRK/B,73,30,0.08,0.33,0.43,68.29
BRK/B,73,31,0.24,0.33,0.38,83.74
BRK/B,73,32,0.34,0.33,0.26,72.65
BRK/B,73,33,0.22,0.33,0.34,53.14
BRK/B,73,34,0.28,0.33,0.23,60.88
BRK/B,73,35,0.13,0.33,0.32,55.66
BRK/B,73,36,0.09,0.33,0.17,30.48
BRK/B,73,37,0.13,0.33,0.44,80.16
BRK/B,73,38,0.08,0.33,0.1,19.91
BRK/B,73,39,0.25,0.33,0.25,60.41
BRK/B,73,40,0.11,0.33,0.12,28.2
BRK/B,73,41,0.23,0.33,0.49,100.38
BRK/B,73,42,0.12,0.33,0.44,83.29
BRK/B,73,43,0.11,0.33,0.12,30.54
BRK/B,73,44,0.23,0.33,0.5,99.34
BRK/B,73,45,0.14,0.33,0.2,45.71
BRK/B,73,46,0.16,0.33,0.25,42.24
BRK/B,73,47,0.33,0.33,0.41,103.24
BRK/B,73,48,0.26,0.33,0.46,88.71
BRK/B,73,49,0.42,0.33,0.3,82.29
BRK/B,73,50,0.2,0.33,0.41,88.14
BSX,74,1,0.49,0.35,0.36,100.86
BSX,74,2,0.02,0.35,0.48,38.01
BSX,74,3,0.43,0.35,0.34,100.64
BSX,74,4,0.47,0.35,0.47,134.36
BSX,74,5,0.08,0.35,0.44,64.26
BSX,74,6,0.27,0.35,0.35,85.52
BSX,74,7,0.3,0.35,0.32,91.12
BSX,74,8,0.44,0.35,0.32,88.42
BSX,74,9,0.47,0.35,0.48,119.43
BSX,74,10,0.49,0.35,0.49,133.37
BSX,74,11,0.49,0.35,0.39,121.47
BSX,74,12,0.08,0.35,0.42,60.74
BSX,74,13,0.38,0.35,0.46,115.6
BSX,74,14,0.02,0.35,0.32,35.27
BSX,74,15,0.3,0.35,0.26,85.74
BSX,74,16,0.37,0.35,0.33,80.4
BSX,74,17,0.45,0.35,0.35,98.8
BSX,74,18,0.09,0.35,0.26,41.34
BSX,74,19,0.09,0.35,0.38,58.87
BSX,74,20,0.13,0.35,0.38,74.09
BSX,74,21,0.38,0.35,0.39,124.62
BSX,74,22,0.13,0.35,0.42,64.98
BSX,74,23,0.04,0.35,0.05,14.06
BSX,74,24,0.37,0.35,0.28,86.2
BSX,74,25,0.5,0.35,0.42,112.31
BSX,74,26,0.02,0.35,0.24,26.05
BSX,74,27,0.17,0.35,0.3,71.2
BSX,74,28,0.28,0.35,0.31,68.8
BSX,74,29,0.07,0.35,0.09,19.28
BSX,74,30,0.21,0.35,0.39,102.05
BSX,74,31,0.27,0.35,0.32,69.05
BSX,74,32,0.09,0.35,0.39,73.58
BSX,74,33,0.17,0.35,0.25,52.11
BSX,74,34,0.39,0.35,0.34,106.9
BSX,74,35,0.4,0.35,0.37,97.59
BSX,74,36,0.43,0.35,0.36,110.71
BSX,74,37,0.29,0.35,0.31,88.56
BSX,74,38,0.11,0.35,0.46,77.22
BSX,74,39,0.14,0.35,0.28,45.25
BSX,74,40,0.39,0.35,0.33,81.91
BSX,74,41,0.17,0.35,0.42,69.45
BSX,74,42,0.14,0.35,0.38,67.7
BSX,74,43,0.13,0.35,0.25,51.39
BSX,74,44,0.21,0.35,0.47,92.52
BSX,74,45,0.23,0.35,0.32,77.61
BSX,74,46,0.18,0.35,0.15,41.07
BSX,74,47,0.23,0.35,0.41,80.98
BSX,74,48,0.46,0.35,0.39,123.24
BSX,74,49,0.19,0.35,0.16,42.72
BSX,74,50,0.27,0.35,0.42,104.14
BWA,75,1,0.21,0.39,0.36,88.8
BWA,75,2,0.26,0.39,0.31,83.52
BWA,75,3,0.43,0.39,0.44,134.88
BWA,75,4,0.36,0.39,0.48,148.76
BWA,75,5,0.11,0.39,0.1,32.5
BWA,75,6,0.4,0.39,0.34,111.95
BWA,75,7,0.47,0.39,0.46,143.75
BWA,75,8,0.12,0.39,0.17,35.49
BWA,75,9,0.36,0.39,0.44,118.98
BWA,75,10,0.19,0.39,0.28,79.76
BWA,75,11,0.46,0.39,0.34,98.93
BWA,75,12,0.06,0.39,0.45,64.26
BWA,75,13,0.36,0.39,0.43,112.05
BWA,75,14,0.13,0.39,0.32,61.82
BWA,75,15,0.27,0.39,0.36,94.75
BWA,75,16,0.02,0.39,0.1,16.56
BWA,75,17,0.28,0.39,0.26,75.97
BWA,75,18,0.1,0.39,0.33,71.18
BWA,75,19,0.4,0.39,0.33,107.81
BWA,75,20,0.36,0.39,0.29,83.38
BWA,75,21,0.2,0.39,0.46,74.14
BWA,75,22,0.26,0.39,0.31,87.68
BWA,75,23,0.2,0.39,0.36,90.85
BWA,75,24,0.17,0.39,0.25,56.03
BWA,75,25,0.1,0.39,0.37,68.63
BWA,75,26,0.48,0.39,0.48,128.92
BWA,75,27,0.4,0.39,0.45,98.42
BWA,75,28,0.11,0.39,0.28,53.36
BWA,75,29,0.08,0.39,0.13,26.55
BWA,75,30,0.23,0.39,0.36,84.13
BWA,75,31,0.03,0.39,0.09,15.09
BWA,75,32,0.43,0.39,0.49,143.53
BWA,75,33,0.19,0.39,0.3,81.63
BWA,75,34,0.16,0.39,0.44,65.57
BWA,75,35,0.27,0.39,0.24,68.89
BWA,75,36,0.2,0.39,0.41,89.14
BWA,75,37,0.09,0.39,0.4,70.77
BWA,75,38,0.17,0.39,0.38,91.35
BWA,75,39,0.17,0.39,0.2,61.61
BWA,75,40,0.4,0.39,0.31,92.85
BWA,75,41,0.46,0.39,0.39,143.08
BWA,75,42,0.16,0.39,0.32,64.39
BWA,75,43,0.13,0.39,0.13,35.78
BWA,75,44,0.47,0.39,0.36,123.36
BWA,75,45,0.11,0.39,0.4,69.37
BWA,75,46,0.29,0.39,0.3,90.89
BWA,75,47,0.27,0.39,0.38,115.97
BWA,75,48,0.44,0.39,0.36,110.7
BWA,75,49,0.29,0.39,0.47,123.95
BWA,75,50,0.05,0.39,0.39,51.16
BXP,76,1,0.34,0.27,0.38,91.02
BXP,76,2,0.4,0.27,0.38,88.29
BXP,76,3,0.41,0.27,0.46,96.36
BXP,76,4,0.04,0.27,0.28,33.98
BXP,76,5,0.03,0.27,0.06,9.89
BXP,76,6,0.31,0.27,0.39,90.97
BXP,76,7,0.25,0.27,0.24,51.06
BXP,76,8,0.25,0.27,0.22,43.9
BXP,76,9,0.14,0.27,0.31,50.2
BXP,76,10,0.49,0.27,0.34,85.28
BXP,76,11,0.13,0.27,0.16,34.41
BXP,76,12,0.11,0.27,0.21,31.49
BXP,76,13,0.21,0.27,0.25,48.01
BXP,76,14,0.19,0.27,0.48,73.55
BXP,76,15,0.45,0.27,0.41,98.73
BXP,76,16,0.31,0.27,0.42,80.94
BXP,76,17,0.29,0.27,0.33,70.04
BXP,76,18,0.09,0.27,0.43,56.04
BXP,76,19,0.39,0.27,0.3,86.96
BXP,76,20,0.16,0.27,0.35,64.37
BXP,76,21,0.38,0.27,0.46,100.01
BXP,76,22,0.48,0.27,0.42,85.45
BXP,76,23,0.28,0.27,0.43,93.12
BXP,76,24,0.06,0.27,0.39,48.63
BXP,76,25,0.27,0.27,0.43,93.16
BXP,76,26,0.23,0.27,0.24,37.82
BXP,76,27,0.06,0.27,0.16,25.17
BXP,76,28,0.12,0.27,0.32,49.7
BXP,76,29,0.25,0.27,0.34,76.9
BXP,76,30,0.28,0.27,0.26,52.6
BXP,76,31,0.19,0.27,0.16,32.49
BXP,76,32,0.06,0.27,0.41,48.87
BXP,76,33,0.38,0.27,0.34,71.39
BXP,76,34,0.4,0.27,0.32,78.41
BXP,76,35,0.38,0.27,0.5,100.29
BXP,76,36,0.45,0.27,0.41,92.8
BXP,76,37,0.37,0.27,0.48,103.36
BXP,76,38,0.43,0.27,0.33,81.6
BXP,76,39,0.45,0.27,0.46,78.73
BXP,76,40,0.27,0.27,0.23,56.86
BXP,76,41,0.38,0.27,0.36,82.8
BXP,76,42,0.27,0.27,0.46,89.2
BXP,76,43,0.09,0.27,0.11,21.86
BXP,76,44,0.11,0.27,0.38,64.76
BXP,76,45,0.26,0.27,0.43,87.45
BXP,76,46,0.23,0.27,0.21,39.17
BXP,76,47,0.13,0.27,0.34,45.1
BXP,76,48,0.22,0.27,0.33,66.34
BXP,76,49,0.28,0.27,0.47,76.52
BXP,76,50,0.24,0.27,0.31,75.42
C,77,1,0.34,0.49,0.39,136.14
C,77,2,0.41,0.49,0.34,127.69
C,77,3,0.05,0.49,0.45,71.64
C,77,4,0.2,0.49,0.38,107.27
C,77,5,0.33,0.49,0.3,111.6
C,77,6,0.27,0.49,0.28,104.88
C,77,7,0.18,0.49,0.16,52.77
C,77,8,0.06,0.49,0.34,69.73
C,77,9,0.37,0.49,0.32,119.95
C,77,10,0.16,0.49,0.38,102.68
C,77,11,0.29,0.49,0.29,102.78
C,77,12,0.39,0.49,0.49,145
C,77,13,0.03,0.49,0.38,46.04
C,77,14,0.27,0.49,0.26,77.69
C,77,15,0.02,0.49,0.05,12.59
C,77,16,0.41,0.49,0.34,119.58
C,77,17,0.16,0.49,0.48,108.88
C,77,18,0.16,0.49,0.28,78.11
C,77,19,0.48,0.49,0.49,192.13
C,77,20,0.08,0.49,0.08,20.22
C,77,21,0.22,0.49,0.4,117.11
C,77,22,0.48,0.49,0.44,170.56
C,77,23,0.21,0.49,0.47,128.14
C,77,24,0.42,0.49,0.39,153.04
C,77,25,0.04,0.49,0.27,38.91
C,77,26,0.05,0.49,0.08,24.41
C,77,27,0.12,0.49,0.14,38.63
C,77,28,0.17,0.49,0.3,72.52
C,77,29,0.2,0.49,0.5,128.75
C,77,30,0.05,0.49,0.05,13.85
C,77,31,0.16,0.49,0.32,72.82
C,77,32,0.06,0.49,0.07,18.22
C,77,33,0.04,0.49,0.49,66.82
C,77,34,0.06,0.49,0.31,58.13
C,77,35,0.17,0.49,0.4,94.35
C,77,36,0.19,0.49,0.27,77.04
C,77,37,0.36,0.49,0.32,101.65
C,77,38,0.11,0.49,0.31,85.07
C,77,39,0.41,0.49,0.46,129.88
C,77,40,0.33,0.49,0.27,94.62
C,77,41,0.46,0.49,0.47,163.39
C,77,42,0.36,0.49,0.48,164.56
C,77,43,0.4,0.49,0.43,140.86
C,77,44,0.06,0.49,0.25,53.45
C,77,45,0.44,0.49,0.46,172.7
C,77,46,0.12,0.49,0.19,42.71
C,77,47,0.15,0.49,0.34,81.1
C,77,48,0.36,0.49,0.3,119.12
C,77,49,0.3,0.49,0.3,106.9
C,77,50,0.46,0.49,0.5,179.69
CAG,78,1,0.42,0.24,0.33,76.25
CAG,78,2,0.14,0.24,0.2,29.5
CAG,78,3,0.05,0.24,0.12,14.75
CAG,78,4,0.45,0.24,0.36,81.91
CAG,78,5,0.24,0.24,0.33,60.35
CAG,78,6,0.39,0.24,0.4,85.97
CAG,78,7,0.24,0.24,0.4,70.64
CAG,78,8,0.01,0.24,0.1,7.45
CAG,78,9,0.05,0.24,0.19,22.06
CAG,78,10,0.23,0.24,0.41,67.33
CAG,78,11,0.04,0.24,0.49,48.59
CAG,78,12,0.22,0.24,0.44,75.13
CAG,78,13,0.05,0.24,0.23,24.77
CAG,78,14,0.11,0.24,0.32,46.85
CAG,78,15,0.28,0.24,0.39,71.94
CAG,78,16,0.02,0.24,0.39,30.01
CAG,78,17,0.39,0.24,0.45,90.79
CAG,78,18,0.39,0.24,0.46,100.53
CAG,78,19,0.49,0.24,0.38,83.64
CAG,78,20,0.37,0.24,0.45,90.78
CAG,78,21,0.04,0.24,0.23,21.58
CAG,78,22,0.07,0.24,0.19,18.85
CAG,78,23,0.21,0.24,0.31,53.71
CAG,78,24,0.37,0.24,0.43,76.19
CAG,78,25,0.19,0.24,0.5,73.17
CAG,78,26,0.43,0.24,0.46,99.18
CAG,78,27,0.06,0.24,0.4,32.48
CAG,78,28,0.35,0.24,0.45,90.75
CAG,78,29,0.19,0.24,0.26,40.74
CAG,78,30,0.38,0.24,0.5,81.39
CAG,78,31,0.26,0.24,0.41,58.56
CAG,78,32,0.26,0.24,0.24,45.29
CAG,78,33,0.13,0.24,0.36,53.17
CAG,78,34,0.4,0.24,0.34,79.82
CAG,78,35,0.42,0.24,0.44,97.75
CAG,78,36,0.27,0.24,0.31,60.21
CAG,78,37,0.16,0.24,0.48,67.51
CAG,78,38,0.36,0.24,0.37,73.23
CAG,78,39,0.33,0.24,0.33,72.67
CAG,78,40,0.09,0.24,0.44,54.83
CAG,78,41,0.4,0.24,0.47,107.68
CAG,78,42,0.39,0.24,0.39,68.91
CAG,78,43,0.31,0.24,0.26,45.69
CAG,78,44,0.42,0.24,0.3,63.62
CAG,78,45,0.26,0.24,0.45,65.19
CAG,78,46,0.13,0.24,0.43,73.74
CAG,78,47,0.15,0.24,0.19,33.6
CAG,78,48,0.04,0.24,0.14,16.1
CAG,78,49,0.05,0.24,0.18,22.57
CAG,78,50,0.25,0.24,0.32,52.96
CAH,79,1,0.37,0.39,0.31,87.93
CAH,79,2,0.16,0.39,0.35,61.75
CAH,79,3,0.48,0.39,0.48,138.67
CAH,79,4,0.05,0.39,0.25,43.67
CAH,79,5,0.19,0.39,0.27,71.14
CAH,79,6,0.39,0.39,0.44,121.14
CAH,79,7,0.32,0.39,0.26,82.84
CAH,79,8,0.46,0.39,0.44,141.83
CAH,79,9,0.06,0.39,0.16,30.53
CAH,79,10,0.33,0.39,0.4,113.46
CAH,79,11,0.35,0.39,0.47,138.81
CAH,79,12,0.28,0.39,0.33,85.11
CAH,79,13,0.05,0.39,0.11,23.98
CAH,79,14,0.36,0.39,0.45,161.56
CAH,79,15,0.26,0.39,0.4,121.5
CAH,79,16,0.3,0.39,0.44,116.37
CAH,79,17,0.02,0.39,0.16,17.91
CAH,79,18,0.21,0.39,0.48,100.34
CAH,79,19,0.49,0.39,0.5,139.82
CAH,79,20,0.21,0.39,0.32,82.22
CAH,79,21,0.14,0.39,0.19,44.1
CAH,79,22,0.4,0.39,0.47,158.91
CAH,79,23,0.13,0.39,0.13,40.29
CAH,79,24,0.33,0.39,0.36,91.04
CAH,79,25,0.4,0.39,0.4,129.8
CAH,79,26,0.37,0.39,0.46,128.68
CAH,79,27,0.33,0.39,0.29,88.28
CAH,79,28,0.25,0.39,0.46,103.5
CAH,79,29,0.22,0.39,0.49,94.52
CAH,79,30,0.47,0.39,0.33,114.24
CAH,79,31,0.45,0.39,0.38,125.51
CAH,79,32,0.45,0.39,0.45,139.38
CAH,79,33,0.48,0.39,0.35,122.42
CAH,79,34,0.37,0.39,0.47,139.94
CAH,79,35,0.38,0.39,0.42,138.71
CAH,79,36,0.01,0.39,0.47,40.24
CAH,79,37,0.44,0.39,0.44,134.69
CAH,79,38,0.44,0.39,0.4,118.83
CAH,79,39,0.03,0.39,0.27,38.49
CAH,79,40,0.41,0.39,0.49,141.51
CAH,79,41,0.44,0.39,0.41,128.49
CAH,79,42,0.45,0.39,0.38,101.29
CAH,79,43,0.35,0.39,0.37,113.49
CAH,79,44,0.4,0.39,0.36,99.76
CAH,79,45,0.12,0.39,0.27,63.02
CAH,79,46,0.2,0.39,0.23,64.73
CAH,79,47,0.44,0.39,0.35,125.61
CAH,79,48,0.21,0.39,0.47,104.09
CAH,79,49,0.35,0.39,0.38,86.9
CAH,79,50,0.34,0.39,0.28,94.47
CAT,80,1,0.1,0.27,0.34,47
CAT,80,2,0.26,0.27,0.31,51.87
CAT,80,3,0.17,0.27,0.33,56.33
CAT,80,4,0.12,0.27,0.25,40.67
CAT,80,5,0.14,0.27,0.37,58.6
CAT,80,6,0.42,0.27,0.5,105.4
CAT,80,7,0.23,0.27,0.48,76.04
CAT,80,8,0.19,0.27,0.43,65.02
CAT,80,9,0.31,0.27,0.43,105.14
CAT,80,10,0.26,0.27,0.45,81.97
CAT,80,11,0.12,0.27,0.26,39.62
CAT,80,12,0.07,0.27,0.17,24.1
CAT,80,13,0.49,0.27,0.49,117.13
CAT,80,14,0.39,0.27,0.37,87.3
CAT,80,15,0.02,0.27,0.44,30.24
CAT,80,16,0.06,0.27,0.34,45.29
CAT,80,17,0.33,0.27,0.33,83.1
CAT,80,18,0.07,0.27,0.49,62.98
CAT,80,19,0.29,0.27,0.48,77.38
CAT,80,20,0.35,0.27,0.3,69.88
CAT,80,21,0.1,0.27,0.42,59.23
CAT,80,22,0.42,0.27,0.39,87.14
CAT,80,23,0.37,0.27,0.41,73.97
CAT,80,24,0.49,0.27,0.48,121.18
CAT,80,25,0.19,0.27,0.38,60.32
CAT,80,26,0.18,0.27,0.25,45.78
CAT,80,27,0.16,0.27,0.47,73.03
CAT,80,28,0.06,0.27,0.28,32.04
CAT,80,29,0.49,0.27,0.49,104.29
CAT,80,30,0.25,0.27,0.41,88.4
CAT,80,31,0.12,0.27,0.24,38.76
CAT,80,32,0.07,0.27,0.34,43.32
CAT,80,33,0.2,0.27,0.31,59.81
CAT,80,34,0.39,0.27,0.31,65.76
CAT,80,35,0.39,0.27,0.28,81.77
CAT,80,36,0.5,0.27,0.42,74.28
CAT,80,37,0.04,0.27,0.32,30.31
CAT,80,38,0.39,0.27,0.33,77.82
CAT,80,39,0.03,0.27,0.03,7.12
CAT,80,40,0.44,0.27,0.47,92.05
CAT,80,41,0.27,0.27,0.44,94.69
CAT,80,42,0.03,0.27,0.14,17.23
CAT,80,43,0.25,0.27,0.31,70.12
CAT,80,44,0.22,0.27,0.45,80.84
CAT,80,45,0.41,0.27,0.42,90.85
CAT,80,46,0.09,0.27,0.32,43.81
CAT,80,47,0.4,0.27,0.45,105.76
CAT,80,48,0.21,0.27,0.38,78.75
CAT,80,49,0.09,0.27,0.1,19.13
CAT,80,50,0.02,0.27,0.26,23.09
CB,81,1,0.19,0.26,0.17,35.61
CB,81,2,0.23,0.26,0.3,58.65
CB,81,3,0.47,0.26,0.32,76.56
CB,81,4,0.21,0.26,0.38,63.59
CB,81,5,0.36,0.26,0.28,62.93
CB,81,6,0.14,0.26,0.13,29.85
CB,81,7,0.04,0.26,0.06,10.24
CB,81,8,0.14,0.26,0.25,38.37
CB,81,9,0.45,0.26,0.31,106.9
CB,81,10,0.06,0.26,0.29,35.06
CB,81,11,0.14,0.26,0.42,73.92
CB,81,12,0.37,0.26,0.49,118.03
CB,81,13,0.21,0.26,0.28,52.31
CB,81,14,0.37,0.26,0.45,85.44
CB,81,15,0.21,0.26,0.27,54.25
CB,81,16,0.27,0.26,0.27,56.31
CB,81,17,0.2,0.26,0.45,78.41
CB,81,18,0.04,0.26,0.45,42.38
CB,81,19,0.25,0.26,0.43,75.06
CB,81,20,0.34,0.26,0.26,68.38
CB,81,21,0.42,0.26,0.36,61.13
CB,81,22,0.14,0.26,0.42,59.78
CB,81,23,0.25,0.26,0.39,65.95
CB,81,24,0.09,0.26,0.45,66.91
CB,81,25,0.11,0.26,0.16,33.14
CB,81,26,0.16,0.26,0.19,38.17
CB,81,27,0.44,0.26,0.33,64.61
CB,81,28,0.05,0.26,0.44,43.18
CB,81,29,0.33,0.26,0.33,75.67
CB,81,30,0.38,0.26,0.45,90.48
CB,81,31,0.41,0.26,0.31,69.39
CB,81,32,0.3,0.26,0.42,87.95
CB,81,33,0.31,0.26,0.38,73.13
CB,81,34,0.35,0.26,0.29,76.01
CB,81,35,0.27,0.26,0.33,44.55
CB,81,36,0.26,0.26,0.24,45.21
CB,81,37,0.38,0.26,0.41,87.16
CB,81,38,0.25,0.26,0.48,56.18
CB,81,39,0.16,0.26,0.4,63.4
CB,81,40,0.32,0.26,0.42,85.41
CB,81,41,0.21,0.26,0.23,42.28
CB,81,42,0.14,0.26,0.22,37.81
CB,81,43,0.14,0.26,0.27,44.11
CB,81,44,0.22,0.26,0.37,60.06
CB,81,45,0.29,0.26,0.49,88.71
CB,81,46,0.23,0.26,0.32,59.32
CB,81,47,0.31,0.26,0.38,81.51
CB,81,48,0.05,0.26,0.14,18.33
CB,81,49,0.47,0.26,0.34,74.99
CB,81,50,0.02,0.26,0.32,23.79
CBOE,82,1,0.46,0.25,0.32,67.11
CBOE,82,2,0.35,0.25,0.26,57.59
CBOE,82,3,0.09,0.25,0.15,23.25
CBOE,82,4,0.42,0.25,0.35,55.13
CBOE,82,5,0.39,0.25,0.29,67.76
CBOE,82,6,0.06,0.25,0.42,43.47
CBOE,82,7,0.5,0.25,0.38,85.03
CBOE,82,8,0.41,0.25,0.47,99.11
CBOE,82,9,0.48,0.25,0.33,78.98
CBOE,82,10,0.33,0.25,0.47,110.17
CBOE,82,11,0.35,0.25,0.48,79.47
CBOE,82,12,0.08,0.25,0.16,22.74
CBOE,82,13,0.09,0.25,0.35,43.24
CBOE,82,14,0.09,0.25,0.29,42.49
CBOE,82,15,0.34,0.25,0.41,78.42
CBOE,82,16,0.47,0.25,0.43,97.15
CBOE,82,17,0.42,0.25,0.36,70.87
CBOE,82,18,0.31,0.25,0.38,77.65
CBOE,82,19,0.32,0.25,0.34,82.19
CBOE,82,20,0.05,0.25,0.17,23.01
CBOE,82,21,0.38,0.25,0.36,75.84
CBOE,82,22,0.19,0.25,0.2,37.4
CBOE,82,23,0.34,0.25,0.44,90.71
CBOE,82,24,0.26,0.25,0.3,55.59
CBOE,82,25,0.19,0.25,0.21,36.09
CBOE,82,26,0.09,0.25,0.39,50.41
CBOE,82,27,0.24,0.25,0.42,75.64
CBOE,82,28,0.16,0.25,0.44,66.51
CBOE,82,29,0.25,0.25,0.29,49.88
CBOE,82,30,0.33,0.25,0.4,84.17
CBOE,82,31,0.47,0.25,0.39,84.6
CBOE,82,32,0.45,0.25,0.44,101.17
CBOE,82,33,0.2,0.25,0.32,61.33
CBOE,82,34,0.02,0.25,0.25,19.03
CBOE,82,35,0.43,0.25,0.34,76.76
CBOE,82,36,0.13,0.25,0.42,51.31
CBOE,82,37,0.36,0.25,0.3,60.52
CBOE,82,38,0.42,0.25,0.49,111.21
CBOE,82,39,0.48,0.25,0.38,74.22
CBOE,82,40,0.49,0.25,0.36,83.67
CBOE,82,41,0.38,0.25,0.29,57.21
CBOE,82,42,0.36,0.25,0.39,88.47
CBOE,82,43,0.07,0.25,0.29,34.95
CBOE,82,44,0.46,0.25,0.42,101.18
CBOE,82,45,0.26,0.25,0.47,80.92
CBOE,82,46,0.38,0.25,0.3,72.4
CBOE,82,47,0.18,0.25,0.25,49.51
CBOE,82,48,0.38,0.25,0.32,61.28
CBOE,82,49,0.22,0.25,0.36,61.6
CBOE,82,50,0.27,0.25,0.24,40.58
CBRE,83,1,0.4,0.24,0.43,93.67
CBRE,83,2,0.02,0.24,0.13,12.77
CBRE,83,3,0.45,0.24,0.34,70.67
CBRE,83,4,0.37,0.24,0.46,93.87
CBRE,83,5,0.33,0.24,0.36,76.06
CBRE,83,6,0.07,0.24,0.26,30.14
CBRE,83,7,0.11,0.24,0.29,40.29
CBRE,83,8,0.22,0.24,0.31,59.68
CBRE,83,9,0.12,0.24,0.17,28.53
CBRE,83,10,0.14,0.24,0.44,67.61
CBRE,83,11,0.4,0.24,0.4,85.29
CBRE,83,12,0.47,0.24,0.34,69.02
CBRE,83,13,0.14,0.24,0.25,27.95
CBRE,83,14,0.24,0.24,0.33,55.16
CBRE,83,15,0.09,0.24,0.43,58.26
CBRE,83,16,0.08,0.24,0.49,52.62
CBRE,83,17,0.14,0.24,0.27,40.26
CBRE,83,18,0.17,0.24,0.33,55.83
CBRE,83,19,0.5,0.24,0.34,78.72
CBRE,83,20,0.49,0.24,0.49,114.42
CBRE,83,21,0.12,0.24,0.2,33.43
CBRE,83,22,0.41,0.24,0.37,78.82
CBRE,83,23,0.45,0.24,0.45,102.11
CBRE,83,24,0.22,0.24,0.39,64.9
CBRE,83,25,0.15,0.24,0.2,37.53
CBRE,83,26,0.43,0.24,0.5,79.44
CBRE,83,27,0.48,0.24,0.42,90.48
CBRE,83,28,0.07,0.24,0.47,53.44
CBRE,83,29,0.39,0.24,0.44,86.46
CBRE,83,30,0.4,0.24,0.36,80.29
CBRE,83,31,0.04,0.24,0.41,37.29
CBRE,83,32,0.09,0.24,0.44,56.61
CBRE,83,33,0.38,0.24,0.41,76.17
CBRE,83,34,0.1,0.24,0.41,51.44
CBRE,83,35,0.3,0.24,0.38,63.25
CBRE,83,36,0.19,0.24,0.49,76.13
CBRE,83,37,0.3,0.24,0.31,53.38
CBRE,83,38,0.22,0.24,0.21,41.18
CBRE,83,39,0.15,0.24,0.23,34.92
CBRE,83,40,0.38,0.24,0.47,89.2
CBRE,83,41,0.13,0.24,0.26,35.09
CBRE,83,42,0.27,0.24,0.39,57.9
CBRE,83,43,0.07,0.24,0.14,17.2
CBRE,83,44,0.31,0.24,0.3,65.34
CBRE,83,45,0.23,0.24,0.4,61.19
CBRE,83,46,0.12,0.24,0.44,55.34
CBRE,83,47,0.44,0.24,0.34,80.93
CBRE,83,48,0.28,0.24,0.32,58.72
CBRE,83,49,0.23,0.24,0.49,78.67
CBRE,83,50,0.28,0.24,0.37,61.09
CCI,84,1,0.31,0.37,0.44,119.21
CCI,84,2,0.39,0.37,0.31,79.1
CCI,84,3,0.01,0.37,0.03,5.92
CCI,84,4,0.34,0.37,0.47,141.26
CCI,84,5,0.32,0.37,0.31,78.7
CCI,84,6,0.33,0.37,0.32,81.3
CCI,84,7,0.14,0.37,0.5,99.58
CCI,84,8,0.45,0.37,0.35,90.4
CCI,84,9,0.27,0.37,0.26,64.61
CCI,84,10,0.38,0.37,0.5,149.2
CCI,84,11,0.44,0.37,0.4,105.99
CCI,84,12,0.06,0.37,0.29,48.68
CCI,84,13,0.37,0.37,0.35,98.68
CCI,84,14,0.26,0.37,0.44,103.77
CCI,84,15,0.26,0.37,0.23,67.46
CCI,84,16,0.37,0.37,0.35,102.07
CCI,84,17,0.47,0.37,0.49,152.51
CCI,84,18,0.41,0.37,0.3,78.21
CCI,84,19,0.26,0.37,0.22,54.63
CCI,84,20,0.42,0.37,0.33,108.94
CCI,84,21,0.39,0.37,0.43,134.6
CCI,84,22,0.19,0.37,0.27,69.54
CCI,84,23,0.34,0.37,0.31,98.2
CCI,84,24,0.12,0.37,0.18,41.84
CCI,84,25,0.02,0.37,0.04,10.64
CCI,84,26,0.31,0.37,0.3,105.24
CCI,84,27,0.08,0.37,0.49,82.87
CCI,84,28,0.2,0.37,0.19,49.13
CCI,84,29,0.31,0.37,0.42,106.25
CCI,84,30,0.49,0.37,0.44,146
CCI,84,31,0.33,0.37,0.5,130.75
CCI,84,32,0.49,0.37,0.4,141.32
CCI,84,33,0.03,0.37,0.42,46.99
CCI,84,34,0.24,0.37,0.42,104.4
CCI,84,35,0.41,0.37,0.29,90.78
CCI,84,36,0.01,0.37,0.38,34.04
CCI,84,37,0.03,0.37,0.23,31.45
CCI,84,38,0.38,0.37,0.32,80.26
CCI,84,39,0.33,0.37,0.33,106.35
CCI,84,40,0.15,0.37,0.15,35.42
CCI,84,41,0.49,0.37,0.35,126.58
CCI,84,42,0.48,0.37,0.42,144.55
CCI,84,43,0.18,0.37,0.5,97.29
CCI,84,44,0.28,0.37,0.27,68.13
CCI,84,45,0.04,0.37,0.07,14.48
CCI,84,46,0.15,0.37,0.23,49.67
CCI,84,47,0.02,0.37,0.48,40.92
CCI,84,48,0.08,0.37,0.36,61.37
CCI,84,49,0.07,0.37,0.47,70.48
CCI,84,50,0.03,0.37,0.09,15.73
CCL,85,1,0.39,0.43,0.44,137.56
CCL,85,2,0.33,0.43,0.26,89.29
CCL,85,3,0.1,0.43,0.09,28.26
CCL,85,4,0.42,0.43,0.42,146.4
CCL,85,5,0.38,0.43,0.35,102.34
CCL,85,6,0.34,0.43,0.37,119.74
CCL,85,7,0.33,0.43,0.31,104.6
CCL,85,8,0.45,0.43,0.48,159.4
CCL,85,9,0.04,0.43,0.05,14.97
CCL,85,10,0.19,0.43,0.49,117.1
CCL,85,11,0.38,0.43,0.4,115.56
CCL,85,12,0.02,0.43,0.4,44.88
CCL,85,13,0.27,0.43,0.34,92.48
CCL,85,14,0.27,0.43,0.31,89.94
CCL,85,15,0.24,0.43,0.32,91.96
CCL,85,16,0.4,0.43,0.41,132.65
CCL,85,17,0.46,0.43,0.44,160.16
CCL,85,18,0.16,0.43,0.37,85.14
CCL,85,19,0.32,0.43,0.47,127.98
CCL,85,20,0.07,0.43,0.11,31.69
CCL,85,21,0.23,0.43,0.42,114.99
CCL,85,22,0.17,0.43,0.43,115.51
CCL,85,23,0.02,0.43,0.09,13.69
CCL,85,24,0.31,0.43,0.4,121.81
CCL,85,25,0.05,0.43,0.35,52.04
CCL,85,26,0.27,0.43,0.33,105.86
CCL,85,27,0.02,0.43,0.13,24.28
CCL,85,28,0.31,0.43,0.29,78.54
CCL,85,29,0.08,0.43,0.36,74.8
CCL,85,30,0.13,0.43,0.21,57.61
CCL,85,31,0.17,0.43,0.36,85.1
CCL,85,32,0.31,0.43,0.38,122.04
CCL,85,33,0.47,0.43,0.49,169.02
CCL,85,34,0.16,0.43,0.46,105.88
CCL,85,35,0.32,0.43,0.38,112.51
CCL,85,36,0.04,0.43,0.16,27.82
CCL,85,37,0.2,0.43,0.36,99.23
CCL,85,38,0.42,0.43,0.37,124.39
CCL,85,39,0.27,0.43,0.25,72.76
CCL,85,40,0.28,0.43,0.29,89.56
CCL,85,41,0.08,0.43,0.41,76.44
CCL,85,42,0.1,0.43,0.4,80.69
CCL,85,43,0.41,0.43,0.29,111.69
CCL,85,44,0.23,0.43,0.2,67.71
CCL,85,45,0.35,0.43,0.39,132.13
CCL,85,46,0.03,0.43,0.3,35.2
CCL,85,47,0.41,0.43,0.45,130.11
CCL,85,48,0.25,0.43,0.44,117.71
CCL,85,49,0.15,0.43,0.39,86.39
CCL,85,50,0.43,0.43,0.37,137.59
CDNS,86,1,0.32,0.31,0.31,75.92
CDNS,86,2,0.27,0.31,0.23,52.89
CDNS,86,3,0.07,0.31,0.24,31.23
CDNS,86,4,0.19,0.31,0.45,90.96
CDNS,86,5,0.41,0.31,0.49,112.5
CDNS,86,6,0.39,0.31,0.49,144.76
CDNS,86,7,0.32,0.31,0.42,100.83
CDNS,86,8,0.2,0.31,0.35,67.51
CDNS,86,9,0.31,0.31,0.46,112.64
CDNS,86,10,0.35,0.31,0.48,108.06
CDNS,86,11,0.41,0.31,0.33,88.8
CDNS,86,12,0.02,0.31,0.32,30.33
CDNS,86,13,0.09,0.31,0.13,27.36
CDNS,86,14,0.27,0.31,0.33,71.1
CDNS,86,15,0.38,0.31,0.29,82.54
CDNS,86,16,0.3,0.31,0.3,77.55
CDNS,86,17,0.03,0.31,0.1,15.02
CDNS,86,18,0.31,0.31,0.35,69.33
CDNS,86,19,0.44,0.31,0.48,135.14
CDNS,86,20,0.3,0.31,0.35,77.97
CDNS,86,21,0.38,0.31,0.43,122.27
CDNS,86,22,0.28,0.31,0.4,94
CDNS,86,23,0.21,0.31,0.44,78.35
CDNS,86,24,0.23,0.31,0.37,90.7
CDNS,86,25,0.35,0.31,0.42,92.02
CDNS,86,26,0.2,0.31,0.35,76.84
CDNS,86,27,0.28,0.31,0.41,79.82
CDNS,86,28,0.36,0.31,0.31,79.77
CDNS,86,29,0.38,0.31,0.29,73.34
CDNS,86,30,0.18,0.31,0.36,72.87
CDNS,86,31,0.13,0.31,0.23,42.43
CDNS,86,32,0.07,0.31,0.26,39.56
CDNS,86,33,0.43,0.31,0.47,112.91
CDNS,86,34,0.34,0.31,0.27,69.44
CDNS,86,35,0.14,0.31,0.32,60.43
CDNS,86,36,0.2,0.31,0.45,81.42
CDNS,86,37,0.33,0.31,0.29,76.93
CDNS,86,38,0.41,0.31,0.35,83.65
CDNS,86,39,0.09,0.31,0.5,71.07
CDNS,86,40,0.38,0.31,0.31,100.55
CDNS,86,41,0.34,0.31,0.28,74.44
CDNS,86,42,0.03,0.31,0.4,43.95
CDNS,86,43,0.07,0.31,0.36,47.2
CDNS,86,44,0.49,0.31,0.44,110.93
CDNS,86,45,0.18,0.31,0.46,95.18
CDNS,86,46,0.06,0.31,0.5,64.02
CDNS,86,47,0.49,0.31,0.38,78.72
CDNS,86,48,0.05,0.31,0.16,20.22
CDNS,86,49,0.08,0.31,0.35,45.98
CDNS,86,50,0.31,0.31,0.38,77.93
CDW,87,1,0.41,0.38,0.47,140.73
CDW,87,2,0.32,0.38,0.31,95.14
CDW,87,3,0.31,0.38,0.37,106.22
CDW,87,4,0.37,0.38,0.5,107.91
CDW,87,5,0.43,0.38,0.38,117.12
CDW,87,6,0.33,0.38,0.43,123.33
CDW,87,7,0.45,0.38,0.37,110.48
CDW,87,8,0.13,0.38,0.31,63.69
CDW,87,9,0.46,0.38,0.48,162.99
CDW,87,10,0.24,0.38,0.3,76.85
CDW,87,11,0.21,0.38,0.28,66.23
CDW,87,12,0.39,0.38,0.39,89.78
CDW,87,13,0.31,0.38,0.49,125.01
CDW,87,14,0.19,0.38,0.29,73.72
CDW,87,15,0.34,0.38,0.29,87.25
CDW,87,16,0.38,0.38,0.43,105.7
CDW,87,17,0.2,0.38,0.23,64.01
CDW,87,18,0.39,0.38,0.37,87.55
CDW,87,19,0.12,0.38,0.48,86.02
CDW,87,20,0.37,0.38,0.4,89.03
CDW,87,21,0.12,0.38,0.4,75.67
CDW,87,22,0.44,0.38,0.45,141.29
CDW,87,23,0.43,0.38,0.4,114.73
CDW,87,24,0.46,0.38,0.42,122.84
CDW,87,25,0.3,0.38,0.47,127.91
CDW,87,26,0.18,0.38,0.2,57.91
CDW,87,27,0.45,0.38,0.5,150.18
CDW,87,28,0.39,0.38,0.35,107.78
CDW,87,29,0.4,0.38,0.47,138.04
CDW,87,30,0.36,0.38,0.37,86.32
CDW,87,31,0.18,0.38,0.26,64.84
CDW,87,32,0.33,0.38,0.42,121.88
CDW,87,33,0.39,0.38,0.47,155.49
CDW,87,34,0.23,0.38,0.26,78.44
CDW,87,35,0.11,0.38,0.31,63.18
CDW,87,36,0.2,0.38,0.4,102.48
CDW,87,37,0.08,0.38,0.18,38.97
CDW,87,38,0.11,0.38,0.44,71.14
CDW,87,39,0.19,0.38,0.2,44.13
CDW,87,40,0.25,0.38,0.34,87.29
CDW,87,41,0.34,0.38,0.46,128.41
CDW,87,42,0.36,0.38,0.39,127.5
CDW,87,43,0.18,0.38,0.19,55.22
CDW,87,44,0.47,0.38,0.44,130.18
CDW,87,45,0.21,0.38,0.29,78.33
CDW,87,46,0.12,0.38,0.29,62.14
CDW,87,47,0.35,0.38,0.41,111.56
CDW,87,48,0.42,0.38,0.41,115.77
CDW,87,49,0.4,0.38,0.48,135.56
CDW,87,50,0.07,0.38,0.1,18.52
CE,88,1,0.18,0.43,0.2,59.93
CE,88,2,0.21,0.43,0.33,86.6
CE,88,3,0.4,0.43,0.4,129.32
CE,88,4,0.36,0.43,0.29,98.99
CE,88,5,0.07,0.43,0.17,33.63
CE,88,6,0.09,0.43,0.1,23.36
CE,88,7,0.5,0.43,0.38,140.53
CE,88,8,0.37,0.43,0.3,81.74
CE,88,9,0.5,0.43,0.46,151.33
CE,88,10,0.44,0.43,0.41,135.43
CE,88,11,0.02,0.43,0.05,10.69
CE,88,12,0.43,0.43,0.38,113.22
CE,88,13,0.39,0.43,0.32,102.51
CE,88,14,0.03,0.43,0.15,28.32
CE,88,15,0.19,0.43,0.23,70.14
CE,88,16,0.38,0.43,0.36,123.34
CE,88,17,0.21,0.43,0.25,64.16
CE,88,18,0.24,0.43,0.33,90.51
CE,88,19,0.47,0.43,0.48,158.3
CE,88,20,0.34,0.43,0.32,121.55
CE,88,21,0.02,0.43,0.11,18.56
CE,88,22,0.47,0.43,0.45,161.82
CE,88,23,0.16,0.43,0.22,56.31
CE,88,24,0.45,0.43,0.4,129.82
CE,88,25,0.36,0.43,0.29,90.03
CE,88,26,0.35,0.43,0.47,141.06
CE,88,27,0.25,0.43,0.44,110.66
CE,88,28,0.16,0.43,0.35,83.07
CE,88,29,0.36,0.43,0.49,131.05
CE,88,30,0.38,0.43,0.33,103.14
CE,88,31,0.42,0.43,0.33,107.19
CE,88,32,0.23,0.43,0.5,155
CE,88,33,0.16,0.43,0.28,70.92
CE,88,34,0.45,0.43,0.34,104.52
CE,88,35,0.24,0.43,0.22,63.65
CE,88,36,0.16,0.43,0.24,61.38
CE,88,37,0.29,0.43,0.46,138.35
CE,88,38,0.24,0.43,0.44,132.41
CE,88,39,0.18,0.43,0.34,94.01
CE,88,40,0.08,0.43,0.19,35.92
CE,88,41,0.11,0.43,0.15,46.06
CE,88,42,0.11,0.43,0.31,74.81
CE,88,43,0.49,0.43,0.34,139.12
CE,88,44,0.44,0.43,0.47,134.07
CE,88,45,0.14,0.43,0.13,43.92
CE,88,46,0.11,0.43,0.34,75.54
CE,88,47,0.26,0.43,0.49,82.72
CE,88,48,0.49,0.43,0.43,128.46
CE,88,49,0.03,0.43,0.36,46.92
CE,88,50,0.46,0.43,0.35,113.6
CERN,89,1,0.33,0.27,0.31,60.36
CERN,89,2,0.44,0.27,0.32,84.66
CERN,89,3,0.08,0.27,0.46,60.52
CERN,89,4,0.32,0.27,0.39,79.12
CERN,89,5,0.21,0.27,0.46,78.91
CERN,89,6,0.27,0.27,0.3,61.31
CERN,89,7,0.28,0.27,0.29,66.16
CERN,89,8,0.18,0.27,0.22,41.2
CERN,89,9,0.47,0.27,0.4,101.82
CERN,89,10,0.14,0.27,0.35,49.78
CERN,89,11,0.06,0.27,0.18,28.8
CERN,89,12,0.31,0.27,0.39,83.51
CERN,89,13,0.06,0.27,0.26,30.77
CERN,89,14,0.15,0.27,0.29,49.78
CERN,89,15,0.01,0.27,0.15,11.83
CERN,89,16,0.49,0.27,0.45,79.15
CERN,89,17,0.26,0.27,0.32,65.83
CERN,89,18,0.31,0.27,0.25,58.38
CERN,89,19,0.24,0.27,0.29,58.07
CERN,89,20,0.09,0.27,0.14,23.45
CERN,89,21,0.22,0.27,0.42,68.47
CERN,89,22,0.2,0.27,0.21,47.77
CERN,89,23,0.44,0.27,0.33,79.78
CERN,89,24,0.25,0.27,0.39,90.48
CERN,89,25,0.39,0.27,0.37,96.3
CERN,89,26,0.38,0.27,0.4,77.98
CERN,89,27,0.03,0.27,0.2,22.97
CERN,89,28,0.45,0.27,0.37,74.21
CERN,89,29,0.07,0.27,0.5,60.23
CERN,89,30,0.23,0.27,0.36,71.3
CERN,89,31,0.02,0.27,0.06,6.91
CERN,89,32,0.18,0.27,0.24,45.65
CERN,89,33,0.06,0.27,0.17,28.22
CERN,89,34,0.07,0.27,0.08,15.21
CERN,89,35,0.01,0.27,0.1,7.88
CERN,89,36,0.39,0.27,0.43,93.39
CERN,89,37,0.13,0.27,0.47,91.68
CERN,89,38,0.11,0.27,0.12,23.07
CERN,89,39,0.39,0.27,0.38,90.29
CERN,89,40,0.11,0.27,0.28,46.2
CERN,89,41,0.23,0.27,0.26,46.4
CERN,89,42,0.28,0.27,0.42,78.5
CERN,89,43,0.14,0.27,0.4,51.99
CERN,89,44,0.49,0.27,0.37,91.59
CERN,89,45,0.47,0.27,0.48,110.39
CERN,89,46,0.31,0.27,0.29,59.83
CERN,89,47,0.3,0.27,0.27,59.83
CERN,89,48,0.38,0.27,0.44,81.14
CERN,89,49,0.05,0.27,0.42,47.2
CERN,89,50,0.06,0.27,0.29,34.47
CF,90,1,0.41,0.39,0.4,122.52
CF,90,2,0.17,0.39,0.33,76.19
CF,90,3,0.21,0.39,0.32,80.73
CF,90,4,0.39,0.39,0.49,146.42
CF,90,5,0.48,0.39,0.44,116.31
CF,90,6,0.19,0.39,0.19,59.37
CF,90,7,0.1,0.39,0.34,75.67
CF,90,8,0.16,0.39,0.27,72.72
CF,90,9,0.23,0.39,0.25,73.11
CF,90,10,0.27,0.39,0.43,122.14
CF,90,11,0.38,0.39,0.42,120.62
CF,90,12,0.27,0.39,0.48,117.34
CF,90,13,0.39,0.39,0.46,141.02
CF,90,14,0.21,0.39,0.34,69.29
CF,90,15,0.02,0.39,0.02,7.01
CF,90,16,0.15,0.39,0.19,43.26
CF,90,17,0.34,0.39,0.37,102.04
CF,90,18,0.14,0.39,0.43,102.42
CF,90,19,0.23,0.39,0.5,104.19
CF,90,20,0.4,0.39,0.31,93.36
CF,90,21,0.19,0.39,0.5,107.58
CF,90,22,0.15,0.39,0.33,66.45
CF,90,23,0.18,0.39,0.25,69.15
CF,90,24,0.07,0.39,0.38,63.4
CF,90,25,0.03,0.39,0.31,36.32
CF,90,26,0.18,0.39,0.48,111.97
CF,90,27,0.31,0.39,0.25,80.6
CF,90,28,0.11,0.39,0.35,68.27
CF,90,29,0.24,0.39,0.21,63.68
CF,90,30,0.14,0.39,0.37,81.19
CF,90,31,0.18,0.39,0.22,63.78
CF,90,32,0.28,0.39,0.49,110.54
CF,90,33,0.37,0.39,0.37,121.5
CF,90,34,0.09,0.39,0.09,26.03
CF,90,35,0.14,0.39,0.36,83.35
CF,90,36,0.25,0.39,0.35,76.34
CF,90,37,0.4,0.39,0.48,128.11
CF,90,38,0.49,0.39,0.47,144.02
CF,90,39,0.46,0.39,0.35,108.37
CF,90,40,0.32,0.39,0.3,109.22
CF,90,41,0.27,0.39,0.4,87.15
CF,90,42,0.27,0.39,0.24,70.45
CF,90,43,0.16,0.39,0.26,59.67
CF,90,44,0.28,0.39,0.39,119.04
CF,90,45,0.08,0.39,0.15,27.55
CF,90,46,0.07,0.39,0.2,34.62
CF,90,47,0.32,0.39,0.4,106.69
CF,90,48,0.04,0.39,0.32,45.7
CF,90,49,0.44,0.39,0.34,87.95
CF,90,50,0.21,0.39,0.3,78.52
CFG,91,1,0.37,0.42,0.5,130.42
CFG,91,2,0.14,0.42,0.13,47.39
CFG,91,3,0.36,0.42,0.29,90.01
CFG,91,4,0.35,0.42,0.33,94.7
CFG,91,5,0.13,0.42,0.48,102.53
CFG,91,6,0.43,0.42,0.4,123.29
CFG,91,7,0.17,0.42,0.33,68.3
CFG,91,8,0.4,0.42,0.36,87.84
CFG,91,9,0.03,0.42,0.04,12.25
CFG,91,10,0.19,0.42,0.49,117.94
CFG,91,11,0.45,0.42,0.39,124.12
CFG,91,12,0.08,0.42,0.5,87.9
CFG,91,13,0.02,0.42,0.03,8.43
CFG,91,14,0.02,0.42,0.48,56.13
CFG,91,15,0.3,0.42,0.26,78.75
CFG,91,16,0.4,0.42,0.38,122.46
CFG,91,17,0.09,0.42,0.35,72.05
CFG,91,18,0.25,0.42,0.28,70.73
CFG,91,19,0.42,0.42,0.39,140.38
CFG,91,20,0.2,0.42,0.27,74.9
CFG,91,21,0.34,0.42,0.28,96.9
CFG,91,22,0.3,0.42,0.34,102.7
CFG,91,23,0.5,0.42,0.45,156.38
CFG,91,24,0.22,0.42,0.19,63.49
CFG,91,25,0.06,0.42,0.41,73.56
CFG,91,26,0.24,0.42,0.36,90.04
CFG,91,27,0.23,0.42,0.2,60.99
CFG,91,28,0.13,0.42,0.49,103.79
CFG,91,29,0.07,0.42,0.09,25.54
CFG,91,30,0.38,0.42,0.34,119.66
CFG,91,31,0.23,0.42,0.45,123.53
CFG,91,32,0.23,0.42,0.23,75.74
CFG,91,33,0.49,0.42,0.49,142.22
CFG,91,34,0.44,0.42,0.48,165.69
CFG,91,35,0.31,0.42,0.44,127.48
CFG,91,36,0.4,0.42,0.44,131.68
CFG,91,37,0.03,0.42,0.35,40.49
CFG,91,38,0.18,0.42,0.39,92.43
CFG,91,39,0.5,0.42,0.47,145.38
CFG,91,40,0.35,0.42,0.41,107.87
CFG,91,41,0.17,0.42,0.35,80.23
CFG,91,42,0.04,0.42,0.5,66.33
CFG,91,43,0.38,0.42,0.41,115.7
CFG,91,44,0.08,0.42,0.49,104.83
CFG,91,45,0.22,0.42,0.37,93.37
CFG,91,46,0.17,0.42,0.47,113.7
CFG,91,47,0.26,0.42,0.42,117.5
CFG,91,48,0.31,0.42,0.46,150.91
CFG,91,49,0.02,0.42,0.09,15
CFG,91,50,0.41,0.42,0.32,100.83
CHD,92,1,0.16,0.26,0.21,33.06
CHD,92,2,0.25,0.26,0.47,76.69
CHD,92,3,0.13,0.26,0.19,30.16
CHD,92,4,0.29,0.26,0.35,56.32
CHD,92,5,0.03,0.26,0.37,33.82
CHD,92,6,0.13,0.26,0.12,29.04
CHD,92,7,0.22,0.26,0.22,46.03
CHD,92,8,0.33,0.26,0.35,76.89
CHD,92,9,0.26,0.26,0.35,76.46
CHD,92,10,0.17,0.26,0.2,49.73
CHD,92,11,0.22,0.26,0.28,46.55
CHD,92,12,0.12,0.26,0.15,25.17
CHD,92,13,0.29,0.26,0.47,90.4
CHD,92,14,0.03,0.26,0.33,27.78
CHD,92,15,0.1,0.26,0.33,46.46
CHD,92,16,0.23,0.26,0.35,59.12
CHD,92,17,0.09,0.26,0.15,20.11
CHD,92,18,0.05,0.26,0.13,16.77
CHD,92,19,0.08,0.26,0.15,19.38
CHD,92,20,0.25,0.26,0.29,49.82
CHD,92,21,0.01,0.26,0.21,12.82
CHD,92,22,0.24,0.26,0.43,68.77
CHD,92,23,0.46,0.26,0.32,82.58
CHD,92,24,0.44,0.26,0.45,105.63
CHD,92,25,0.16,0.26,0.3,46.85
CHD,92,26,0.45,0.26,0.42,87.8
CHD,92,27,0.12,0.26,0.25,38.98
CHD,92,28,0.14,0.26,0.2,36
CHD,92,29,0.35,0.26,0.36,81.43
CHD,92,30,0.14,0.26,0.38,54.32
CHD,92,31,0.2,0.26,0.17,32.35
CHD,92,32,0.27,0.26,0.23,45.4
CHD,92,33,0.49,0.26,0.49,133.67
CHD,92,34,0.2,0.26,0.21,41.23
CHD,92,35,0.34,0.26,0.3,66.21
CHD,92,36,0.15,0.26,0.37,55.69
CHD,92,37,0.22,0.26,0.31,51.7
CHD,92,38,0.45,0.26,0.42,89.48
CHD,92,39,0.16,0.26,0.23,32.74
CHD,92,40,0.27,0.26,0.31,56.28
CHD,92,41,0.16,0.26,0.49,63.64
CHD,92,42,0.42,0.26,0.38,84.29
CHD,92,43,0.22,0.26,0.47,64.5
CHD,92,44,0.05,0.26,0.21,27.47
CHD,92,45,0.14,0.26,0.24,39.13
CHD,92,46,0.26,0.26,0.28,70.5
CHD,92,47,0.37,0.26,0.36,58.74
CHD,92,48,0.45,0.26,0.32,62.12
CHD,92,49,0.08,0.26,0.49,55.57
CHD,92,50,0.49,0.26,0.4,97.68
CHRW,93,1,0.22,0.21,0.19,33.47
CHRW,93,2,0.13,0.21,0.43,46.58
CHRW,93,3,0.09,0.21,0.29,38.85
CHRW,93,4,0.27,0.21,0.24,42.29
CHRW,93,5,0.06,0.21,0.12,14.78
CHRW,93,6,0.02,0.21,0.16,13.55
CHRW,93,7,0.33,0.21,0.28,52.48
CHRW,93,8,0.42,0.21,0.38,77.78
CHRW,93,9,0.04,0.21,0.16,16.45
CHRW,93,10,0.17,0.21,0.36,52.8
CHRW,93,11,0.28,0.21,0.27,49
CHRW,93,12,0.26,0.21,0.22,41.52
CHRW,93,13,0.12,0.21,0.47,60.69
CHRW,93,14,0.44,0.21,0.45,90.67
CHRW,93,15,0.36,0.21,0.47,82.02
CHRW,93,16,0.22,0.21,0.28,49.3
CHRW,93,17,0.15,0.21,0.21,32.99
CHRW,93,18,0.44,0.21,0.46,86.56
CHRW,93,19,0.42,0.21,0.47,86.35
CHRW,93,20,0.32,0.21,0.3,63.19
CHRW,93,21,0.18,0.21,0.3,42.41
CHRW,93,22,0.37,0.21,0.46,83.94
CHRW,93,23,0.32,0.21,0.49,77.26
CHRW,93,24,0.03,0.21,0.3,18.85
CHRW,93,25,0.47,0.21,0.48,85.57
CHRW,93,26,0.11,0.21,0.4,48.14
CHRW,93,27,0.02,0.21,0.22,17.68
CHRW,93,28,0.08,0.21,0.21,26.91
CHRW,93,29,0.46,0.21,0.46,85.94
CHRW,93,30,0.39,0.21,0.45,81.56
CHRW,93,31,0.3,0.21,0.4,61.11
CHRW,93,32,0.46,0.21,0.41,97.64
CHRW,93,33,0.11,0.21,0.25,32.98
CHRW,93,34,0.34,0.21,0.36,66.84
CHRW,93,35,0.36,0.21,0.44,81.11
CHRW,93,36,0.2,0.21,0.23,35.81
CHRW,93,37,0.16,0.21,0.38,52.49
CHRW,93,38,0.17,0.21,0.25,41.98
CHRW,93,39,0.43,0.21,0.49,78.23
CHRW,93,40,0.02,0.21,0.27,20.34
CHRW,93,41,0.42,0.21,0.48,92.39
CHRW,93,42,0.29,0.21,0.44,79.76
CHRW,93,43,0.37,0.21,0.48,75.2
CHRW,93,44,0.43,0.21,0.44,86.64
CHRW,93,45,0.27,0.21,0.31,50.1
CHRW,93,46,0.41,0.21,0.49,83.06
CHRW,93,47,0.08,0.21,0.37,39.1
CHRW,93,48,0.14,0.21,0.18,27.48
CHRW,93,49,0.03,0.21,0.27,24.21
CHRW,93,50,0.44,0.21,0.47,84.23
CHTR,94,1,0.43,0.28,0.39,93.01
CHTR,94,2,0.35,0.28,0.46,95.49
CHTR,94,3,0.2,0.28,0.24,49.73
CHTR,94,4,0.3,0.28,0.42,82.76
CHTR,94,5,0.18,0.28,0.21,39.67
CHTR,94,6,0.21,0.28,0.4,67.19
CHTR,94,7,0.1,0.28,0.36,46.77
CHTR,94,8,0.01,0.28,0.06,6.33
CHTR,94,9,0.24,0.28,0.42,80.64
CHTR,94,10,0.14,0.28,0.16,30.99
CHTR,94,11,0.46,0.28,0.47,117.47
CHTR,94,12,0.36,0.28,0.41,88.25
CHTR,94,13,0.48,0.28,0.33,83
CHTR,94,14,0.22,0.28,0.21,49.8
CHTR,94,15,0.17,0.28,0.21,47.29
CHTR,94,16,0.15,0.28,0.45,59.64
CHTR,94,17,0.11,0.28,0.46,63.7
CHTR,94,18,0.45,0.28,0.39,112.9
CHTR,94,19,0.33,0.28,0.37,96.85
CHTR,94,20,0.14,0.28,0.48,76.49
CHTR,94,21,0.48,0.28,0.41,91.55
CHTR,94,22,0.09,0.28,0.5,62.09
CHTR,94,23,0.13,0.28,0.25,46.12
CHTR,94,24,0.49,0.28,0.35,83.01
CHTR,94,25,0.02,0.28,0.18,18.36
CHTR,94,26,0.38,0.28,0.41,102.43
CHTR,94,27,0.25,0.28,0.49,95.61
CHTR,94,28,0.15,0.28,0.24,47.48
CHTR,94,29,0.22,0.28,0.31,53.92
CHTR,94,30,0.37,0.28,0.37,85.51
CHTR,94,31,0.12,0.28,0.32,43.51
CHTR,94,32,0.28,0.28,0.35,59.44
CHTR,94,33,0.25,0.28,0.32,75.04
CHTR,94,34,0.1,0.28,0.13,25.18
CHTR,94,35,0.43,0.28,0.41,110.61
CHTR,94,36,0.28,0.28,0.23,48.82
CHTR,94,37,0.35,0.28,0.48,110.88
CHTR,94,38,0.27,0.28,0.34,67.42
CHTR,94,39,0.39,0.28,0.4,92.49
CHTR,94,40,0.24,0.28,0.41,74.16
CHTR,94,41,0.24,0.28,0.47,91.36
CHTR,94,42,0.24,0.28,0.39,80.01
CHTR,94,43,0.12,0.28,0.21,31.82
CHTR,94,44,0.14,0.28,0.13,32.49
CHTR,94,45,0.23,0.28,0.44,93.72
CHTR,94,46,0.01,0.28,0.19,14.62
CHTR,94,47,0.13,0.28,0.38,61.2
CHTR,94,48,0.19,0.28,0.24,52.37
CHTR,94,49,0.22,0.28,0.19,45.6
CHTR,94,50,0.36,0.28,0.37,90.16
CI,95,1,0.43,0.34,0.41,118.52
CI,95,2,0.26,0.34,0.4,102.7
CI,95,3,0.5,0.34,0.36,97.35
CI,95,4,0.02,0.34,0.4,34.23
CI,95,5,0.16,0.34,0.35,77.81
CI,95,6,0.11,0.34,0.25,43.89
CI,95,7,0.18,0.34,0.23,59.07
CI,95,8,0.13,0.34,0.22,45.57
CI,95,9,0.16,0.34,0.21,54.29
CI,95,10,0.46,0.34,0.46,121.98
CI,95,11,0.14,0.34,0.14,29.58
CI,95,12,0.02,0.34,0.23,21.02
CI,95,13,0.24,0.34,0.35,72.91
CI,95,14,0.43,0.34,0.46,122.64
CI,95,15,0.36,0.34,0.45,118.58
CI,95,16,0.37,0.34,0.38,100.63
CI,95,17,0.3,0.34,0.34,78.08
CI,95,18,0.01,0.34,0.15,14.26
CI,95,19,0.4,0.34,0.5,120.59
CI,95,20,0.35,0.34,0.3,82.18
CI,95,21,0.46,0.34,0.35,99.98
CI,95,22,0.39,0.34,0.31,90.65
CI,95,23,0.39,0.34,0.49,153.94
CI,95,24,0.06,0.34,0.09,18.95
CI,95,25,0.07,0.34,0.45,56.09
CI,95,26,0.47,0.34,0.35,92.82
CI,95,27,0.05,0.34,0.32,41.58
CI,95,28,0.04,0.34,0.35,40.7
CI,95,29,0.37,0.34,0.41,105.66
CI,95,30,0.42,0.34,0.42,113.05
CI,95,31,0.05,0.34,0.23,32.62
CI,95,32,0.03,0.34,0.13,20.15
CI,95,33,0.15,0.34,0.41,80.92
CI,95,34,0.37,0.34,0.36,81.8
CI,95,35,0.26,0.34,0.46,100.86
CI,95,36,0.46,0.34,0.4,112.19
CI,95,37,0.18,0.34,0.28,64.89
CI,95,38,0.24,0.34,0.47,103.08
CI,95,39,0.02,0.34,0.15,19.22
CI,95,40,0.37,0.34,0.29,76.98
CI,95,41,0.29,0.34,0.36,82.42
CI,95,42,0.06,0.34,0.1,21.02
CI,95,43,0.14,0.34,0.31,61.07
CI,95,44,0.42,0.34,0.32,84.02
CI,95,45,0.45,0.34,0.36,89.51
CI,95,46,0.49,0.34,0.46,120.16
CI,95,47,0.45,0.34,0.35,103.22
CI,95,48,0.34,0.34,0.47,122.12
CI,95,49,0.46,0.34,0.33,99.47
CI,95,50,0.45,0.34,0.48,156.77
CINF,96,1,0.41,0.4,0.37,114.26
CINF,96,2,0.28,0.4,0.49,145.04
CINF,96,3,0.37,0.4,0.28,71.63
CINF,96,4,0.06,0.4,0.37,60.5
CINF,96,5,0.18,0.4,0.23,56.83
CINF,96,6,0.05,0.4,0.46,69.7
CINF,96,7,0.27,0.4,0.32,84.35
CINF,96,8,0.33,0.4,0.37,117.08
CINF,96,9,0.08,0.4,0.29,51.9
CINF,96,10,0.22,0.4,0.28,66.48
CINF,96,11,0.2,0.4,0.22,64.05
CINF,96,12,0.09,0.4,0.49,99.87
CINF,96,13,0.23,0.4,0.22,66.11
CINF,96,14,0.22,0.4,0.19,63.81
CINF,96,15,0.17,0.4,0.31,72.59
CINF,96,16,0.47,0.4,0.41,119.56
CINF,96,17,0.2,0.4,0.21,61.49
CINF,96,18,0.34,0.4,0.44,118.95
CINF,96,19,0.4,0.4,0.49,155.43
CINF,96,20,0.28,0.4,0.33,91.4
CINF,96,21,0.01,0.4,0.18,20.19
CINF,96,22,0.28,0.4,0.37,123.11
CINF,96,23,0.4,0.4,0.32,97.01
CINF,96,24,0.13,0.4,0.16,42.88
CINF,96,25,0.13,0.4,0.44,84.68
CINF,96,26,0.28,0.4,0.24,78.46
CINF,96,27,0.32,0.4,0.26,79.08
CINF,96,28,0.02,0.4,0.31,37.8
CINF,96,29,0.34,0.4,0.3,108.42
CINF,96,30,0.39,0.4,0.42,124.14
CINF,96,31,0.26,0.4,0.43,121.74
CINF,96,32,0.32,0.4,0.43,114.62
CINF,96,33,0.05,0.4,0.47,61.79
CINF,96,34,0.41,0.4,0.34,120.57
CINF,96,35,0.45,0.4,0.42,133.7
CINF,96,36,0.06,0.4,0.36,57.2
CINF,96,37,0.07,0.4,0.23,42.23
CINF,96,38,0.25,0.4,0.34,100.83
CINF,96,39,0.44,0.4,0.47,156.47
CINF,96,40,0.41,0.4,0.31,108.71
CINF,96,41,0.37,0.4,0.5,164.35
CINF,96,42,0.28,0.4,0.49,119.93
CINF,96,43,0.23,0.4,0.33,75.19
CINF,96,44,0.36,0.4,0.5,137.91
CINF,96,45,0.21,0.4,0.18,51.76
CINF,96,46,0.23,0.4,0.32,85.75
CINF,96,47,0.19,0.4,0.34,80.69
CINF,96,48,0.33,0.4,0.34,117.61
CINF,96,49,0.31,0.4,0.25,79.66
CINF,96,50,0.21,0.4,0.21,48.5
CL,97,1,0.33,0.32,0.27,68.43
CL,97,2,0.21,0.32,0.26,55.11
CL,97,3,0.35,0.32,0.46,106.07
CL,97,4,0.24,0.32,0.23,41.27
CL,97,5,0.07,0.32,0.32,40.54
CL,97,6,0.11,0.32,0.11,23.25
CL,97,7,0.43,0.32,0.34,78.89
CL,97,8,0.3,0.32,0.47,90.15
CL,97,9,0.02,0.32,0.16,19.51
CL,97,10,0.3,0.32,0.42,82.87
CL,97,11,0.13,0.32,0.17,36.69
CL,97,12,0.34,0.32,0.43,100.2
CL,97,13,0.48,0.32,0.37,90.67
CL,97,14,0.5,0.32,0.41,103.77
CL,97,15,0.32,0.32,0.42,86.56
CL,97,16,0.23,0.32,0.44,92.74
CL,97,17,0.11,0.32,0.46,63.43
CL,97,18,0.33,0.32,0.34,70.36
CL,97,19,0.32,0.32,0.28,75
CL,97,20,0.08,0.32,0.43,62.04
CL,97,21,0.49,0.32,0.48,112.42
CL,97,22,0.06,0.32,0.12,19.53
CL,97,23,0.32,0.32,0.48,109.78
CL,97,24,0.15,0.32,0.43,78.62
CL,97,25,0.49,0.32,0.43,143.04
CL,97,26,0.41,0.32,0.4,93.55
CL,97,27,0.47,0.32,0.48,124.45
CL,97,28,0.08,0.32,0.31,37.04
CL,97,29,0.42,0.32,0.46,105.05
CL,97,30,0.34,0.32,0.36,93.15
CL,97,31,0.2,0.32,0.38,77.09
CL,97,32,0.44,0.32,0.37,98.07
CL,97,33,0.14,0.32,0.49,91.3
CL,97,34,0.36,0.32,0.32,85.45
CL,97,35,0.49,0.32,0.35,93.41
CL,97,36,0.45,0.32,0.36,96.35
CL,97,37,0.21,0.32,0.23,58.01
CL,97,38,0.38,0.32,0.38,84.21
CL,97,39,0.02,0.32,0.28,24.99
CL,97,40,0.06,0.32,0.28,40.64
CL,97,41,0.37,0.32,0.39,97.35
CL,97,42,0.08,0.32,0.48,69.01
CL,97,43,0.09,0.32,0.32,43.69
CL,97,44,0.34,0.32,0.34,77.34
CL,97,45,0.24,0.32,0.4,79.98
CL,97,46,0.14,0.32,0.22,40.75
CL,97,47,0.24,0.32,0.45,92.5
CL,97,48,0.12,0.32,0.25,49.45
CL,97,49,0.48,0.32,0.4,108.52
CL,97,50,0.02,0.32,0.48,44.95
CLX,98,1,0.33,0.18,0.3,53.55
CLX,98,2,0.34,0.18,0.34,51.6
CLX,98,3,0.43,0.18,0.4,73.61
CLX,98,4,0.46,0.18,0.32,55.33
CLX,98,5,0.31,0.18,0.34,54.8
CLX,98,6,0.36,0.18,0.49,73
CLX,98,7,0.13,0.18,0.19,28.65
CLX,98,8,0.11,0.18,0.26,25.62
CLX,98,9,0.26,0.18,0.43,58.65
CLX,98,10,0.18,0.18,0.37,42.24
CLX,98,11,0.13,0.18,0.44,55.71
CLX,98,12,0.14,0.18,0.32,35.57
CLX,98,13,0.34,0.18,0.25,34.69
CLX,98,14,0.25,0.18,0.43,57.06
CLX,98,15,0.5,0.18,0.46,73.5
CLX,98,16,0.24,0.18,0.27,39.23
CLX,98,17,0.08,0.18,0.38,35.83
CLX,98,18,0.49,0.18,0.37,61.9
CLX,98,19,0.07,0.18,0.33,31.84
CLX,98,20,0.15,0.18,0.47,56.36
CLX,98,21,0.12,0.18,0.45,47.27
CLX,98,22,0.15,0.18,0.19,26.31
CLX,98,23,0.13,0.18,0.45,53.32
CLX,98,24,0.23,0.18,0.38,43.03
CLX,98,25,0.18,0.18,0.31,40.67
CLX,98,26,0.5,0.18,0.44,71.12
CLX,98,27,0.12,0.18,0.26,31.56
CLX,98,28,0.23,0.18,0.41,55.62
CLX,98,29,0.07,0.18,0.43,38.18
CLX,98,30,0.09,0.18,0.34,30.83
CLX,98,31,0.45,0.18,0.42,61.54
CLX,98,32,0.09,0.18,0.26,24.75
CLX,98,33,0.36,0.18,0.44,58.57
CLX,98,34,0.08,0.18,0.26,27.38
CLX,98,35,0.37,0.18,0.49,66.23
CLX,98,36,0.08,0.18,0.3,27.83
CLX,98,37,0.12,0.18,0.38,40.67
CLX,98,38,0.19,0.18,0.45,48.99
CLX,98,39,0.25,0.18,0.35,44.6
CLX,98,40,0.32,0.18,0.35,43.81
CLX,98,41,0.2,0.18,0.26,39.2
CLX,98,42,0.12,0.18,0.41,44.18
CLX,98,43,0.38,0.18,0.46,77.12
CLX,98,44,0.4,0.18,0.32,51.8
CLX,98,45,0.26,0.18,0.33,46.36
CLX,98,46,0.47,0.18,0.44,79.48
CLX,98,47,0.4,0.18,0.32,49.44
CLX,98,48,0.27,0.18,0.22,36.01
CLX,98,49,0.06,0.18,0.48,34.92
CLX,98,50,0.03,0.18,0.35,22.58
CMA,99,1,0.48,0.53,0.36,156.7
CMA,99,2,0.47,0.53,0.43,190.09
CMA,99,3,0.06,0.53,0.22,49.14
CMA,99,4,0.17,0.53,0.33,93.56
CMA,99,5,0.19,0.53,0.28,87.19
CMA,99,6,0.48,0.53,0.35,148.43
CMA,99,7,0.34,0.53,0.31,125.65
CMA,99,8,0.28,0.53,0.3,102.21
CMA,99,9,0.17,0.53,0.43,114.97
CMA,99,10,0.07,0.53,0.41,82.71
CMA,99,11,0.46,0.53,0.44,186.28
CMA,99,12,0.29,0.53,0.27,95.2
CMA,99,13,0.02,0.53,0.47,46.91
CMA,99,14,0.1,0.53,0.28,74.45
CMA,99,15,0.06,0.53,0.44,93.82
CMA,99,16,0.22,0.53,0.38,106.67
CMA,99,17,0.14,0.53,0.26,77.95
CMA,99,18,0.36,0.53,0.34,140.04
CMA,99,19,0.44,0.53,0.48,175.71
CMA,99,20,0.37,0.53,0.33,127.12
CMA,99,21,0.1,0.53,0.38,84.68
CMA,99,22,0.34,0.53,0.31,107.59
CMA,99,23,0.23,0.53,0.27,107.75
CMA,99,24,0.08,0.53,0.25,51.04
CMA,99,25,0.21,0.53,0.27,91.9
CMA,99,26,0.4,0.53,0.48,201.73
CMA,99,27,0.14,0.53,0.35,87.97
CMA,99,28,0.28,0.53,0.48,160.39
CMA,99,29,0.4,0.53,0.47,153.62
CMA,99,30,0.4,0.53,0.46,184.44
CMA,99,31,0.46,0.53,0.4,152.98
CMA,99,32,0.21,0.53,0.22,70.3
CMA,99,33,0.13,0.53,0.21,57.09
CMA,99,34,0.45,0.53,0.48,189.66
CMA,99,35,0.45,0.53,0.43,173.06
CMA,99,36,0.09,0.53,0.28,62.51
CMA,99,37,0.22,0.53,0.21,89.62
CMA,99,38,0.28,0.53,0.45,151.14
CMA,99,39,0.28,0.53,0.28,118.38
CMA,99,40,0.18,0.53,0.45,129.49
CMA,99,41,0.39,0.53,0.36,124.37
CMA,99,42,0.25,0.53,0.49,135.73
CMA,99,43,0.32,0.53,0.42,157.9
CMA,99,44,0.12,0.53,0.5,107.53
CMA,99,45,0.41,0.53,0.39,138.92
CMA,99,46,0.01,0.53,0.04,8.88
CMA,99,47,0.23,0.53,0.28,110.08
CMA,99,48,0.14,0.53,0.46,128.94
CMA,99,49,0.09,0.53,0.28,61.35
CMA,99,50,0.44,0.53,0.43,140.81
CMCSA,100,1,0.33,0.26,0.28,60.9
CMCSA,100,2,0.14,0.26,0.39,63.17
CMCSA,100,3,0.11,0.26,0.3,42.49
CMCSA,100,4,0.13,0.26,0.48,56.78
CMCSA,100,5,0.17,0.26,0.18,35.78
CMCSA,100,6,0.09,0.26,0.18,30.55
CMCSA,100,7,0.39,0.26,0.35,82.28
CMCSA,100,8,0.48,0.26,0.44,86.71
CMCSA,100,9,0.19,0.26,0.49,84.27
CMCSA,100,10,0.5,0.26,0.46,103.22
CMCSA,100,11,0.07,0.26,0.19,26.57
CMCSA,100,12,0.08,0.26,0.17,25.92
CMCSA,100,13,0.1,0.26,0.27,41.71
CMCSA,100,14,0.29,0.26,0.39,66.07
CMCSA,100,15,0.22,0.26,0.35,61.03
CMCSA,100,16,0.12,0.26,0.32,48.99
CMCSA,100,17,0.15,0.26,0.29,45.35
CMCSA,100,18,0.32,0.26,0.4,73.63
CMCSA,100,19,0.33,0.26,0.34,73.67
CMCSA,100,20,0.21,0.26,0.48,77.55
CMCSA,100,21,0.45,0.26,0.42,103.69
CMCSA,100,22,0.39,0.26,0.48,75.93
CMCSA,100,23,0.24,0.26,0.22,42.44
CMCSA,100,24,0.31,0.26,0.34,56.21
CMCSA,100,25,0.02,0.26,0.34,25.72
CMCSA,100,26,0.35,0.26,0.39,69.77
CMCSA,100,27,0.14,0.26,0.19,37.32
CMCSA,100,28,0.17,0.26,0.22,32.33
CMCSA,100,29,0.28,0.26,0.39,94.32
CMCSA,100,30,0.05,0.26,0.09,14.67
CMCSA,100,31,0.23,0.26,0.24,44.38
CMCSA,100,32,0.37,0.26,0.28,65.64
CMCSA,100,33,0.44,0.26,0.34,69.74
CMCSA,100,34,0.26,0.26,0.43,80.85
CMCSA,100,35,0.1,0.26,0.23,34.19
CMCSA,100,36,0.36,0.26,0.31,66.43
CMCSA,100,37,0.45,0.26,0.5,127.68
CMCSA,100,38,0.18,0.26,0.37,55.12
CMCSA,100,39,0.14,0.26,0.28,49.86
CMCSA,100,40,0.45,0.26,0.42,72.82
CMCSA,100,41,0.03,0.26,0.43,35.21
CMCSA,100,42,0.42,0.26,0.42,81.53
CMCSA,100,43,0.27,0.26,0.26,53.52
CMCSA,100,44,0.25,0.26,0.39,67.92
CMCSA,100,45,0.4,0.26,0.42,94.15
CMCSA,100,46,0.27,0.26,0.23,43.4
CMCSA,100,47,0.33,0.26,0.49,98.84
CMCSA,100,48,0.08,0.26,0.24,35.69
CMCSA,100,49,0.43,0.26,0.44,95.79
CMCSA,100,50,0.28,0.26,0.27,53.07
